Entity,Country,Symbol:Exchange,Filings & Sources,# of BTC,Value Today,% of 21m,Scrape Date,BTC Change,Value Change
Strategy (MicroStrategy),,MSTR:NADQ,Filing,628946.0,74.65,2.995,2025-08-15,,
Marathon Digital Holdings Inc,,MARA:NADQ,Filing,50639.0,6.01,0.241,2025-08-15,,
Twenty One Capital (XXI),,XXI:NASDAQ,Filing,37229.7,4.42,0.177,2025-08-15,,
Bullish,,BLSH:NYSE,Filing,24340.0,2.89,0.116,2025-08-15,,
"Riot Platforms, Inc.",,RIOT:NADQ,Filing,19287.0,2.29,0.092,2025-08-15,,
Metaplanet Inc.,,3350.T:TYO,Filing,18113.0,2.15,0.086,2025-08-15,,
Galaxy Digital Holdings,,BRPHF:OTCMKTS,Filing,12830.0,1.52,0.061,2025-08-15,,
CleanSpark Inc,,CLSK:NASDAQ,Filing,12703.0,1.51,0.06,2025-08-15,,
Bitcoin Group SE Bitcoin Holdings,,BTGGF:TCMKTS,,12387.0,1.47,0.059,2025-08-15,,
"Coinbase Global, Inc.",,COIN:NADQ,Filing,11776.0,1.4,0.056,2025-08-15,,
"Tesla, Inc",,TSLA:NADQ,Filing,11509.0,1.37,0.055,2025-08-15,,
Hut 8 Corp,,HUT:NASDAQ,Filing,10667.0,1.27,0.051,2025-08-15,,
"Block, Inc.",,SQ:NYSE,Filing,8584.0,1.02,0.041,2025-08-15,,
Next Technology Holding Inc.,,NXTT:NASDAQ,Filing,5833.0,692.32,0.028,2025-08-15,,
Semler Scientific,,SMLR:NASDAQ,Filing,5021.0,595.94,0.024,2025-08-15,,
"ProCap BTC, LLC",,CCCM:NASDAQ,Filing,4932.0,585.38,0.023,2025-08-15,,
GameStop Corp.,,GME:NYSE,Filing,4710.0,559.03,0.022,2025-08-15,,
Cango Inc.,,CANG:NYSE,Filing,3713.0,440.7,0.018,2025-08-15,,
"Volcon, Inc.",,VLCN:NASDAQ,Filing,3500.2,415.44,0.017,2025-08-15,,
Boyaa Interactive International Limited,,0434.HK:HKEX,Filing,3353.0,397.97,0.016,2025-08-15,,
Sequans Communications S.A.,,SQNS:NYSE,Filing,3072.0,364.62,0.015,2025-08-15,,
Voyager Digital LTD,,VOYG:TSX,Filing,2287.0,271.44,0.011,2025-08-15,,
Capital B (Formerly: The Blockchain Group),,ALCPB:EPA,Filing,2201.0,261.24,0.01,2025-08-15,,
HIVE Digital Technologies,,HIVE:NASDAQ,Filing,2201.0,261.24,0.01,2025-08-15,,
Exodus Movement Inc,,EXOD:OTCMKTS,Filing,2038.0,241.89,0.01,2025-08-15,,
The Smarter Web Company PLC,,SWC.AQ:AQSE,Filing,1825.0,216.61,0.009,2025-08-15,,
"BitFuFu, Inc.",,FUFU:NASDAQ,Filing,1784.0,211.74,0.008,2025-08-15,,
NEXON Co. Ltd,,NEXOF:OTCMKTS,Filing,1717.0,203.79,0.008,2025-08-15,,
Bitdeer Technologies Group,,BTDR:NASDAQ,Filing,1675.9,198.91,0.008,2025-08-15,,
"Core Scientific, Inc.",,CORZ:NASDAQ,Filing,1612.0,191.33,0.008,2025-08-15,,
Bitcoin Well Inc.,,BTCW:TSXV,Filing,1573.5,186.76,0.007,2025-08-15,,
Canaan Inc.,,CAN:NASDAQ,Filing,1511.0,179.34,0.007,2025-08-15,,
"Fold Holdings, Inc.",,FLD:NASDAQ,Filing,1490.0,176.85,0.007,2025-08-15,,
Bitfarms Limited,,BITF:NASDAQ,Filing,1166.0,138.39,0.006,2025-08-15,,
Brooker Group's BROOK (BKK),,BROOK:BKK,Filing,1150.0,136.49,0.005,2025-08-15,,
Satsuma Technology PLC (Formerly: TAO Alpha PLC),,SATS:LSE,Filing,1125.9,133.63,0.005,2025-08-15,,
Cipher Mining,,CIFR:NASDAQ,Filing,1063.0,126.17,0.005,2025-08-15,,
"Remixpoint, Inc.",,3825.T:TSE,Filing,1051.6,124.81,0.005,2025-08-15,,
Meitu,,HKD:HKG,Filing,941.0,111.69,0.004,2025-08-15,,
"KULR Technology Group, Inc.",,KULR:NYSE,Filing,920.0,109.19,0.004,2025-08-15,,
Ming Shing Group Holdings Limited (MSW),,MSW:NASDAQ,Filing,833.0,98.87,0.004,2025-08-15,,
SOS Limited,,SOS:NYSE,Filing,802.8,95.28,0.004,2025-08-15,,
H100 Group,,H100:NGM,Filing,685.1,81.31,0.003,2025-08-15,,
"Phunware, Inc.",,PHUN:NASDAQ,Filing,630.0,74.77,0.003,2025-08-15,,
NFT Investments PLC,,NFT:AQSE,,626.0,74.3,0.003,2025-08-15,,
Méliuz,,CASH3:B3,Filing,595.7,70.7,0.003,2025-08-15,,
"MercadoLibre, Inc.",,MELI:NADQ,Filing,570.4,67.7,0.003,2025-08-15,,
Alliance Resource Partners,,ARLP:NASDAQ,Filing,542.0,64.33,0.003,2025-08-15,,
Jasmine International PCL,,JAS:SET,Filing,506.4,60.1,0.002,2025-08-15,,
DigitalX,,DGGXF:OTCMKTS,Filing,425.1,50.46,0.002,2025-08-15,,
Neptune Digital Assets,,NPPTF:OTCMKTS,Filing,405.0,48.07,0.002,2025-08-15,,
Nano Labs Ltd,,NA:NASDAQ,Filing,400.0,47.48,0.002,2025-08-15,,
Net Holding Anonim Sirketi,,NTHOL TI:IST,Filing,352.7,41.86,0.002,2025-08-15,,
DMG Blockchain Solutions Inc.,,DMGGF:OTCMKTS,Filing,307.0,36.44,0.001,2025-08-15,,
"Bitmax Co., Ltd",,377030:KRX,Filing,300.1,35.62,0.001,2025-08-15,,
The9 Limited,,NCTY:NASDAQ,Filing,285.0,33.83,0.001,2025-08-15,,
Advanced Bitcoin Technologies AG,,ABT:DUS,Filing,254.0,30.15,0.001,2025-08-15,,
Phoenix Digital Assets PLC,,PNIX:AQSE,Filing,247.0,29.32,0.001,2025-08-15,,
LQwD FinTech Corp,,LQWDF:OTC,Filing,238.5,28.31,0.001,2025-08-15,,
CoinShares International Limited,,CNSRF:OTCQX,Filing,236.0,28.01,0.001,2025-08-15,,
"Virtu Financial, Inc.",,VIRT:NASDAQ,Filing,235.0,27.89,0.001,2025-08-15,,
Rumble,,RUM:NASDAQ,Filing,210.8,25.02,0.001,2025-08-15,,
DEFI Technologies,,DEFTF:OTC,Filing,208.8,24.78,0.001,2025-08-15,,
Prenetics,,PRE:NASDAQ,Filing,187.4,22.24,0.001,2025-08-15,,
ANAP Holdings,,3189:TYO,Filing,184.7,21.92,0.001,2025-08-15,,
FRMO Corp.,,FRMO:OTCMKTS,Filing,158.7,18.84,0.001,2025-08-15,,
"BitMine Immersion Technologies, Inc.",,BMNR:NYSE,Filing,154.2,18.3,0.001,2025-08-15,,
"LM Funding America, Inc.",,LMFA:NASDAQ,Filing,150.4,17.85,0.001,2025-08-15,,
DDC Enterprise Limited (DayDayCook),,DDC:NYSE,Filing,138.0,16.38,0.001,2025-08-15,,
"Bit Digital, Inc.",,BTBT:NASDAQ,Filing,137.6,16.33,0.001,2025-08-15,,
Horizon Kinetics Holding Corporation,,HKHC:OTCID,Filing,131.0,15.55,0.001,2025-08-15,,
Phoenix Group PLC,,PHX:ADX,Filing%20v4.pdf),131.0,15.55,0.001,2025-08-15,,
"Sixty Six Capital, Inc.",,SIX:CSE,Filing,126.8,15.05,0.001,2025-08-15,,
Genius Group,,GNS:NYSE,Filing,120.0,14.24,0.001,2025-08-15,,
"Linekong Interactive Group Co., Ltd",,8267:HKSE,Filing,102.1,12.12,0.0,2025-08-15,,
BIGG Digital Assets Inc.,,BBKCF:OTCMKTS,Filing,100.0,11.87,0.0,2025-08-15,,
Bitcoin Depot,,BTM:NASDAQ,Filing,100.0,11.87,0.0,2025-08-15,,
Vinanz Limited (London BTC Company),,VINZF:OTCQX,Filing,86.0,10.21,0.0,2025-08-15,,
Yuxing InfoTech Investment Holdings Limited,,8005:HKSE,Filing,78.2,9.28,0.0,2025-08-15,,
Matador,,MATA:TSXV,Filing,77.4,9.19,0.0,2025-08-15,,
Canada Computational Unlimited Corp.,,SATO:TSXV,Filing,75.0,8.9,0.0,2025-08-15,,
Coinsilium,,COIN:AQUIS,Filing,73.7,8.75,0.0,2025-08-15,,
Vanadi Coffee SA,,VANA:BME,Filing,66.0,7.83,0.0,2025-08-15,,
Digi Power X Inc. (Digihost),,HSSHF:OTCMKTS,Filing,61.0,7.24,0.0,2025-08-15,,
ATAI Life Sciences N.V.,,ATAI:NASDAQ,Filing,58.0,6.88,0.0,2025-08-15,,
Cathedra Bitcoin Inc.,,CBTTF:OTCMKTS,Filing,52.5,6.23,0.0,2025-08-15,,
Vaultz Capital PLC,,V3TC:AQSE,Filing,50.0,5.93,0.0,2025-08-15,,
WonderFi,,WNDR:TSX,Filing,39.8,4.72,0.0,2025-08-15,,
k33,,K33:STO,Filing,35.0,4.15,0.0,2025-08-15,,
BIT Mining Limited,,BTCM:NYSE,Filing,35.0,4.15,0.0,2025-08-15,,
"Value Creation Co., Ltd.",,9238:TSE,Filing,30.4,3.61,0.0,2025-08-15,,
HK Asia Holdings Limited,,1723.HK:HKEX,Filing,28.9,3.43,0.0,2025-08-15,,
Metromile,,MILE:NASDAQ,Filing,25.0,2.97,0.0,2025-08-15,,
SATO Technologies Corp.,,SATO:TSXV,Filing,24.0,2.85,0.0,2025-08-15,,
Jetking Infotrain Limited,,JETKINGQ:BSE,Filing,21.0,2.49,0.0,2025-08-15,,
MURANO GLOBAL INVESTMENTS PLC,,MRNO:NASDAQ,Filing,21.0,2.49,0.0,2025-08-15,,
Sphere 3D Corp,,ANY:NASDAQ,Filing,20.5,2.43,0.0,2025-08-15,,
"Investview, Inc.",,INVU:OTCMKTS,Filing,20.3,2.41,0.0,2025-08-15,,
Hamak Gold Limited,,HAMA:LSE,Filing,20.0,2.37,0.0,2025-08-15,,
Thumzup Media Corporation,,TZUP:NASDAQ,Filing,19.1,2.27,0.0,2025-08-15,,
MOGO Inc,,MOGO:Nasdaq,Filing,18.0,2.14,0.0,2025-08-15,,
Athena Bitcoin Global,,ABIT:OTCID,Filing,17.0,2.02,0.0,2025-08-15,,
Belgravia Hartford Capital Inc.,,BLGV:CSE,Filing,15.7,1.86,0.0,2025-08-15,,
Intchains Group Limited,,ICG:NASDAQ,Filing,12.7,1.51,0.0,2025-08-15,,
Intesa Sanpaolo S.p.A,,ISP.MI:BIT,Filing,11.0,1.31,0.0,2025-08-15,,
Argo Blockchain PLC,,ARBKF:OTCMKTS,Filing,11.0,1.31,0.0,2025-08-15,,
Locate Technologies Limited,,LOC:ASX,Filing,10.1,1.2,0.0,2025-08-15,,
Norwegian Block Exchange AS (NBX),,NBX:OSE,Filing,10.0,1.19,0.0,2025-08-15,,
OneMedNet Corporation,,ONMD:NASDAQ,Filing,10.0,1.19,0.0,2025-08-15,,
Digital Commodities Capital Corp.,,DIGI:CSE,Filing,8.7,1.03,0.0,2025-08-15,,
CryptoStar Corp.,,CSTR:TSXV,Filing,7.6,902042.0,0.0,2025-08-15,,
"Where Food Comes From, Inc.",,WFCF:NASDAQ,Filing,7.0,830828.0,0.0,2025-08-15,,
AlAbraaj Restaurants Group,,ABRAAJ:BSE,Filing,7.0,830828.0,0.0,2025-08-15,,
GreenMerc AB,,L5L:FSE,Filing,6.2,735876.0,0.0,2025-08-15,,
Fintech Select Ltd.,,FTEC:TSXV,Filing,5.0,593448.0,0.0,2025-08-15,,
"SBC Medical Group Holdings, Inc.",,SBC:NASDAQ,Filing,5.0,593448.0,0.0,2025-08-15,,
Tap Global Group Plc,,TAP:AQSE,Filing,5.0,593448.0,0.0,2025-08-15,,
Green Minerals AS,,GEM:OSE,Filing,4.0,474759.0,0.0,2025-08-15,,
"LEEF Brands, Inc.",,LEEF:CSE,Filing,3.9,462890.0,0.0,2025-08-15,,
AgriFORCE Growing Systems Ltd.,,AGRI:NASDAQ,Filing,3.3,391676.0,0.0,2025-08-15,,
Safello Group AB,,SFL:STO,Filing,2.0,237379.0,0.0,2025-08-15,,
Banxa Holdings Inc,,BNXAF:OTCMKTS,Filing,1.6,189903.0,0.0,2025-08-15,,
Advanced Blockchain AG,,DE000A0M93V6:XETRA,Filing,1.2,142427.0,0.0,2025-08-15,,
Panther Metals Plc,,PALM:LSE,Filing,1.0,118689.0,0.0,2025-08-15,,
ATIF Holdings Ltd.,,ATIF:NASDAQ,Filing,0.2,23737.0,0.0,2025-08-15,,
TeraWulf Inc.,,WULF:NASDAQ,Filing,0.0,0.0,0.0,2025-08-15,,
,,,**Totals:**,935498.0,111.03,4.455,2025-08-15,,
Strategy (MicroStrategy),,MSTR:NADQ,Filing,628946.0,73.94,2.995,2025-08-16,0.0,-0.710000000000008
Marathon Digital Holdings Inc,,MARA:NADQ,Filing,50639.0,5.95,0.241,2025-08-16,0.0,-0.0599999999999996
Twenty One Capital (XXI),,XXI:NASDAQ,Filing,37229.7,4.38,0.177,2025-08-16,0.0,-0.04
Bullish,,BLSH:NYSE,Filing,24340.0,2.86,0.116,2025-08-16,0.0,-0.0300000000000002
"Riot Platforms, Inc.",,RIOT:NADQ,Filing,19287.0,2.27,0.092,2025-08-16,0.0,-0.02
Metaplanet Inc.,,3350.T:TYO,Filing,18113.0,2.13,0.086,2025-08-16,0.0,-0.02
Galaxy Digital Holdings,,BRPHF:OTCMKTS,Filing,12830.0,1.51,0.061,2025-08-16,0.0,-0.01
CleanSpark Inc,,CLSK:NASDAQ,Filing,12703.0,1.49,0.06,2025-08-16,0.0,-0.02
Bitcoin Group SE Bitcoin Holdings,,BTGGF:TCMKTS,,12387.0,1.46,0.059,2025-08-16,0.0,-0.01
"Coinbase Global, Inc.",,COIN:NADQ,Filing,11776.0,1.38,0.056,2025-08-16,0.0,-0.02
"Tesla, Inc",,TSLA:NADQ,Filing,11509.0,1.35,0.055,2025-08-16,0.0,-0.02
Hut 8 Corp,,HUT:NASDAQ,Filing,10667.0,1.25,0.051,2025-08-16,0.0,-0.02
"Block, Inc.",,SQ:NYSE,Filing,8584.0,1.01,0.041,2025-08-16,0.0,-0.01
Next Technology Holding Inc.,,NXTT:NASDAQ,Filing,5833.0,685.75,0.028,2025-08-16,0.0,-6.57000000000005
Semler Scientific,,SMLR:NASDAQ,Filing,5021.0,590.29,0.024,2025-08-16,0.0,-5.650000000000091
"ProCap BTC, LLC",,CCCM:NASDAQ,Filing,4932.0,579.83,0.023,2025-08-16,0.0,-5.5499999999999545
GameStop Corp.,,GME:NYSE,Filing,4710.0,553.73,0.022,2025-08-16,0.0,-5.2999999999999545
Cango Inc.,,CANG:NYSE,Filing,3713.0,436.52,0.018,2025-08-16,0.0,-4.180000000000007
"Volcon, Inc.",,VLCN:NASDAQ,Filing,3500.2,411.5,0.017,2025-08-16,0.0,-3.9399999999999977
Boyaa Interactive International Limited,,0434.HK:HKEX,Filing,3353.0,394.19,0.016,2025-08-16,0.0,-3.7800000000000296
Sequans Communications S.A.,,SQNS:NYSE,Filing,3072.0,361.16,0.015,2025-08-16,0.0,-3.4599999999999795
Voyager Digital LTD,,VOYG:TSX,Filing,2287.0,268.87,0.011,2025-08-16,0.0,-2.569999999999993
Capital B (Formerly: The Blockchain Group),,ALCPB:EPA,Filing,2201.0,258.76,0.01,2025-08-16,0.0,-2.480000000000018
HIVE Digital Technologies,,HIVE:NASDAQ,Filing,2201.0,258.76,0.01,2025-08-16,0.0,-2.480000000000018
Exodus Movement Inc,,EXOD:OTCMKTS,Filing,2038.0,239.6,0.01,2025-08-16,0.0,-2.289999999999992
The Smarter Web Company PLC,,SWC.AQ:AQSE,Filing,1825.0,214.55,0.009,2025-08-16,0.0,-2.0600000000000023
"BitFuFu, Inc.",,FUFU:NASDAQ,Filing,1784.0,209.73,0.008,2025-08-16,0.0,-2.01000000000002
NEXON Co. Ltd,,NEXOF:OTCMKTS,Filing,1717.0,201.86,0.008,2025-08-16,0.0,-1.9299999999999784
Bitdeer Technologies Group,,BTDR:NASDAQ,Filing,1675.9,197.03,0.008,2025-08-16,0.0,-1.879999999999996
"Core Scientific, Inc.",,CORZ:NASDAQ,Filing,1612.0,189.51,0.008,2025-08-16,0.0,-1.8200000000000216
Bitcoin Well Inc.,,BTCW:TSXV,Filing,1573.5,184.99,0.007,2025-08-16,0.0,-1.7699999999999818
Canaan Inc.,,CAN:NASDAQ,Filing,1511.0,177.64,0.007,2025-08-16,0.0,-1.700000000000017
"Fold Holdings, Inc.",,FLD:NASDAQ,Filing,1490.0,175.17,0.007,2025-08-16,0.0,-1.6800000000000068
Bitfarms Limited,,BITF:NASDAQ,Filing,1166.0,137.08,0.006,2025-08-16,0.0,-1.309999999999974
Brooker Group's BROOK (BKK),,BROOK:BKK,Filing,1150.0,135.2,0.005,2025-08-16,0.0,-1.2900000000000205
Satsuma Technology PLC (Formerly: TAO Alpha PLC),,SATS:LSE,Filing,1125.9,132.37,0.005,2025-08-16,0.0,-1.259999999999991
Cipher Mining,,CIFR:NASDAQ,Filing,1063.0,124.97,0.005,2025-08-16,0.0,-1.2000000000000028
"Remixpoint, Inc.",,3825.T:TSE,Filing,1051.6,123.63,0.005,2025-08-16,0.0,-1.1800000000000068
Meitu,,HKD:HKG,Filing,941.0,110.63,0.004,2025-08-16,0.0,-1.0600000000000025
"KULR Technology Group, Inc.",,KULR:NYSE,Filing,920.0,108.16,0.004,2025-08-16,0.0,-1.0300000000000011
Ming Shing Group Holdings Limited (MSW),,MSW:NASDAQ,Filing,833.0,97.93,0.004,2025-08-16,0.0,-0.9399999999999976
SOS Limited,,SOS:NYSE,Filing,802.8,94.38,0.004,2025-08-16,0.0,-0.9000000000000057
H100 Group,,H100:NGM,Filing,685.1,80.54,0.003,2025-08-16,0.0,-0.769999999999996
"Phunware, Inc.",,PHUN:NASDAQ,Filing,630.0,74.07,0.003,2025-08-16,0.0,-0.7000000000000028
NFT Investments PLC,,NFT:AQSE,,626.0,73.6,0.003,2025-08-16,0.0,-0.7000000000000028
Méliuz,,CASH3:B3,Filing,595.7,70.03,0.003,2025-08-16,0.0,-0.6700000000000017
"MercadoLibre, Inc.",,MELI:NADQ,Filing,570.4,67.06,0.003,2025-08-16,0.0,-0.6400000000000006
Alliance Resource Partners,,ARLP:NASDAQ,Filing,542.0,63.72,0.003,2025-08-16,0.0,-0.6099999999999994
Jasmine International PCL,,JAS:SET,Filing,506.4,59.53,0.002,2025-08-16,0.0,-0.5700000000000003
DigitalX,,DGGXF:OTCMKTS,Filing,425.1,49.98,0.002,2025-08-16,0.0,-0.480000000000004
Neptune Digital Assets,,NPPTF:OTCMKTS,Filing,405.0,47.61,0.002,2025-08-16,0.0,-0.4600000000000008
Nano Labs Ltd,,NA:NASDAQ,Filing,400.0,47.03,0.002,2025-08-16,0.0,-0.4499999999999957
Net Holding Anonim Sirketi,,NTHOL TI:IST,Filing,352.7,41.46,0.002,2025-08-16,0.0,-0.3999999999999986
DMG Blockchain Solutions Inc.,,DMGGF:OTCMKTS,Filing,307.0,36.09,0.001,2025-08-16,0.0,-0.3499999999999943
"Bitmax Co., Ltd",,377030:KRX,Filing,300.1,35.28,0.001,2025-08-16,0.0,-0.3399999999999963
The9 Limited,,NCTY:NASDAQ,Filing,285.0,33.51,0.001,2025-08-16,0.0,-0.3200000000000003
Advanced Bitcoin Technologies AG,,ABT:DUS,Filing,254.0,29.86,0.001,2025-08-16,0.0,-0.2899999999999991
Phoenix Digital Assets PLC,,PNIX:AQSE,Filing,247.0,29.04,0.001,2025-08-16,0.0,-0.2800000000000011
LQwD FinTech Corp,,LQWDF:OTC,Filing,238.5,28.04,0.001,2025-08-16,0.0,-0.2699999999999996
CoinShares International Limited,,CNSRF:OTCQX,Filing,236.0,27.75,0.001,2025-08-16,0.0,-0.2600000000000015
"Virtu Financial, Inc.",,VIRT:NASDAQ,Filing,235.0,27.63,0.001,2025-08-16,0.0,-0.2600000000000015
Rumble,,RUM:NASDAQ,Filing,210.8,24.78,0.001,2025-08-16,0.0,-0.2399999999999984
DEFI Technologies,,DEFTF:OTC,Filing,208.8,24.55,0.001,2025-08-16,0.0,-0.2300000000000004
Prenetics,,PRE:NASDAQ,Filing,187.4,22.03,0.001,2025-08-16,0.0,-0.2099999999999973
ANAP Holdings,,3189:TYO,Filing,184.7,21.71,0.001,2025-08-16,0.0,-0.2100000000000008
FRMO Corp.,,FRMO:OTCMKTS,Filing,158.7,18.66,0.001,2025-08-16,0.0,-0.1799999999999997
"BitMine Immersion Technologies, Inc.",,BMNR:NYSE,Filing,154.2,18.13,0.001,2025-08-16,0.0,-0.1700000000000017
"LM Funding America, Inc.",,LMFA:NASDAQ,Filing,150.4,17.68,0.001,2025-08-16,0.0,-0.1700000000000017
DDC Enterprise Limited (DayDayCook),,DDC:NYSE,Filing,138.0,16.22,0.001,2025-08-16,0.0,-0.1600000000000001
"Bit Digital, Inc.",,BTBT:NASDAQ,Filing,137.6,16.18,0.001,2025-08-16,0.0,-0.1499999999999985
Horizon Kinetics Holding Corporation,,HKHC:OTCID,Filing,131.0,15.4,0.001,2025-08-16,0.0,-0.1500000000000003
Phoenix Group PLC,,PHX:ADX,Filing%20v4.pdf),131.0,15.4,0.001,2025-08-16,0.0,-0.1500000000000003
"Sixty Six Capital, Inc.",,SIX:CSE,Filing,126.8,14.91,0.001,2025-08-16,0.0,-0.1400000000000005
Genius Group,,GNS:NYSE,Filing,120.0,14.11,0.001,2025-08-16,0.0,-0.1300000000000007
"Linekong Interactive Group Co., Ltd",,8267:HKSE,Filing,102.1,12.0,0.0,2025-08-16,0.0,-0.1199999999999992
BIGG Digital Assets Inc.,,BBKCF:OTCMKTS,Filing,100.0,11.76,0.0,2025-08-16,0.0,-0.1099999999999994
Bitcoin Depot,,BTM:NASDAQ,Filing,100.0,11.76,0.0,2025-08-16,0.0,-0.1099999999999994
Vinanz Limited (London BTC Company),,VINZF:OTCQX,Filing,86.0,10.11,0.0,2025-08-16,0.0,-0.1000000000000014
Yuxing InfoTech Investment Holdings Limited,,8005:HKSE,Filing,78.2,9.19,0.0,2025-08-16,0.0,-0.0899999999999998
Matador,,MATA:TSXV,Filing,77.4,9.1,0.0,2025-08-16,0.0,-0.0899999999999998
Canada Computational Unlimited Corp.,,SATO:TSXV,Filing,75.0,8.82,0.0,2025-08-16,0.0,-0.08
Coinsilium,,COIN:AQUIS,Filing,73.7,8.66,0.0,2025-08-16,0.0,-0.0899999999999998
Vanadi Coffee SA,,VANA:BME,Filing,66.0,7.76,0.0,2025-08-16,0.0,-0.0700000000000002
Digi Power X Inc. (Digihost),,HSSHF:OTCMKTS,Filing,61.0,7.17,0.0,2025-08-16,0.0,-0.0700000000000002
ATAI Life Sciences N.V.,,ATAI:NASDAQ,Filing,58.0,6.82,0.0,2025-08-16,0.0,-0.0599999999999996
Cathedra Bitcoin Inc.,,CBTTF:OTCMKTS,Filing,52.5,6.17,0.0,2025-08-16,0.0,-0.0600000000000005
Vaultz Capital PLC,,V3TC:AQSE,Filing,50.0,5.88,0.0,2025-08-16,0.0,-0.0499999999999998
WonderFi,,WNDR:TSX,Filing,39.8,4.68,0.0,2025-08-16,0.0,-0.04
k33,,K33:STO,Filing,35.0,4.11,0.0,2025-08-16,0.0,-0.04
BIT Mining Limited,,BTCM:NYSE,Filing,35.0,4.11,0.0,2025-08-16,0.0,-0.04
"Value Creation Co., Ltd.",,9238:TSE,Filing,30.4,3.57,0.0,2025-08-16,0.0,-0.04
HK Asia Holdings Limited,,1723.HK:HKEX,Filing,28.9,3.4,0.0,2025-08-16,0.0,-0.0300000000000002
Metromile,,MILE:NASDAQ,Filing,25.0,2.94,0.0,2025-08-16,0.0,-0.0300000000000002
SATO Technologies Corp.,,SATO:TSXV,Filing,24.0,2.82,0.0,2025-08-16,0.0,-0.0300000000000002
Jetking Infotrain Limited,,JETKINGQ:BSE,Filing,21.0,2.47,0.0,2025-08-16,0.0,-0.02
MURANO GLOBAL INVESTMENTS PLC,,MRNO:NASDAQ,Filing,21.0,2.47,0.0,2025-08-16,0.0,-0.02
Sphere 3D Corp,,ANY:NASDAQ,Filing,20.5,2.41,0.0,2025-08-16,0.0,-0.02
"Investview, Inc.",,INVU:OTCMKTS,Filing,20.3,2.39,0.0,2025-08-16,0.0,-0.02
Hamak Gold Limited,,HAMA:LSE,Filing,20.0,2.35,0.0,2025-08-16,0.0,-0.02
Thumzup Media Corporation,,TZUP:NASDAQ,Filing,19.1,2.25,0.0,2025-08-16,0.0,-0.02
MOGO Inc,,MOGO:Nasdaq,Filing,18.0,2.12,0.0,2025-08-16,0.0,-0.02
Athena Bitcoin Global,,ABIT:OTCID,Filing,17.0,2.0,0.0,2025-08-16,0.0,-0.02
Belgravia Hartford Capital Inc.,,BLGV:CSE,Filing,15.7,1.85,0.0,2025-08-16,0.0,-0.01
Intchains Group Limited,,ICG:NASDAQ,Filing,12.7,1.49,0.0,2025-08-16,0.0,-0.02
Intesa Sanpaolo S.p.A,,ISP.MI:BIT,Filing,11.0,1.29,0.0,2025-08-16,0.0,-0.02
Argo Blockchain PLC,,ARBKF:OTCMKTS,Filing,11.0,1.29,0.0,2025-08-16,0.0,-0.02
Locate Technologies Limited,,LOC:ASX,Filing,10.1,1.19,0.0,2025-08-16,0.0,-0.01
Norwegian Block Exchange AS (NBX),,NBX:OSE,Filing,10.0,1.18,0.0,2025-08-16,0.0,-0.01
OneMedNet Corporation,,ONMD:NASDAQ,Filing,10.0,1.18,0.0,2025-08-16,0.0,-0.01
Digital Commodities Capital Corp.,,DIGI:CSE,Filing,8.7,1.02,0.0,2025-08-16,0.0,-0.01
CryptoStar Corp.,,CSTR:TSXV,Filing,7.6,893488.0,0.0,2025-08-16,0.0,-8554.0
"Where Food Comes From, Inc.",,WFCF:NASDAQ,Filing,7.0,822949.0,0.0,2025-08-16,0.0,-7879.0
AlAbraaj Restaurants Group,,ABRAAJ:BSE,Filing,7.0,822949.0,0.0,2025-08-16,0.0,-7879.0
GreenMerc AB,,L5L:FSE,Filing,6.2,728898.0,0.0,2025-08-16,0.0,-6978.0
Fintech Select Ltd.,,FTEC:TSXV,Filing,5.0,587821.0,0.0,2025-08-16,0.0,-5627.0
"SBC Medical Group Holdings, Inc.",,SBC:NASDAQ,Filing,5.0,587821.0,0.0,2025-08-16,0.0,-5627.0
Tap Global Group Plc,,TAP:AQSE,Filing,5.0,587821.0,0.0,2025-08-16,0.0,-5627.0
Green Minerals AS,,GEM:OSE,Filing,4.0,470256.0,0.0,2025-08-16,0.0,-4503.0
"LEEF Brands, Inc.",,LEEF:CSE,Filing,3.9,458500.0,0.0,2025-08-16,0.0,-4390.0
AgriFORCE Growing Systems Ltd.,,AGRI:NASDAQ,Filing,3.3,387961.0,0.0,2025-08-16,0.0,-3715.0
Safello Group AB,,SFL:STO,Filing,2.0,235128.0,0.0,2025-08-16,0.0,-2251.0
Banxa Holdings Inc,,BNXAF:OTCMKTS,Filing,1.6,188102.0,0.0,2025-08-16,0.0,-1801.0
Advanced Blockchain AG,,DE000A0M93V6:XETRA,Filing,1.2,141077.0,0.0,2025-08-16,0.0,-1350.0
Panther Metals Plc,,PALM:LSE,Filing,1.0,117564.0,0.0,2025-08-16,0.0,-1125.0
ATIF Holdings Ltd.,,ATIF:NASDAQ,Filing,0.2,23512.0,0.0,2025-08-16,0.0,-225.0
TeraWulf Inc.,,WULF:NASDAQ,Filing,0.0,0.0,0.0,2025-08-16,0.0,0.0
,,,**Totals:**,935498.0,109.98,4.455,2025-08-16,,
Strategy (MicroStrategy),,MSTR:NADQ,Filing,628946.0,74.31,2.995,2025-08-17,0.0,0.3700000000000045
Marathon Digital Holdings Inc,,MARA:NADQ,Filing,50639.0,5.98,0.241,2025-08-17,0.0,0.0300000000000002
Twenty One Capital (XXI),,XXI:NASDAQ,Filing,37229.7,4.4,0.177,2025-08-17,0.0,0.0200000000000004
Bullish,,BLSH:NYSE,Filing,24340.0,2.88,0.116,2025-08-17,0.0,0.02
"Riot Platforms, Inc.",,RIOT:NADQ,Filing,19287.0,2.28,0.092,2025-08-17,0.0,0.0099999999999997
Metaplanet Inc.,,3350.T:TYO,Filing,18113.0,2.14,0.086,2025-08-17,0.0,0.0100000000000002
Galaxy Digital Holdings,,BRPHF:OTCMKTS,Filing,12830.0,1.52,0.061,2025-08-17,0.0,0.01
CleanSpark Inc,,CLSK:NASDAQ,Filing,12703.0,1.5,0.06,2025-08-17,0.0,0.01
Bitcoin Group SE Bitcoin Holdings,,BTGGF:TCMKTS,,12387.0,1.46,0.059,2025-08-17,0.0,0.0
"Coinbase Global, Inc.",,COIN:NADQ,Filing,11776.0,1.39,0.056,2025-08-17,0.0,0.01
"Tesla, Inc",,TSLA:NADQ,Filing,11509.0,1.36,0.055,2025-08-17,0.0,0.01
Hut 8 Corp,,HUT:NASDAQ,Filing,10667.0,1.26,0.051,2025-08-17,0.0,0.01
"Block, Inc.",,SQ:NYSE,Filing,8584.0,1.01,0.041,2025-08-17,0.0,0.0
Next Technology Holding Inc.,,NXTT:NASDAQ,Filing,5833.0,689.19,0.028,2025-08-17,0.0,3.4400000000000546
Semler Scientific,,SMLR:NASDAQ,Filing,5021.0,593.25,0.024,2025-08-17,0.0,2.9600000000000364
"ProCap BTC, LLC",,CCCM:NASDAQ,Filing,4932.0,582.74,0.023,2025-08-17,0.0,2.909999999999968
GameStop Corp.,,GME:NYSE,Filing,4710.0,556.51,0.022,2025-08-17,0.0,2.7799999999999727
Cango Inc.,,CANG:NYSE,Filing,3713.0,438.71,0.018,2025-08-17,0.0,2.1899999999999977
"Volcon, Inc.",,VLCN:NASDAQ,Filing,3500.2,413.56,0.017,2025-08-17,0.0,2.0600000000000023
Boyaa Interactive International Limited,,0434.HK:HKEX,Filing,3353.0,396.17,0.016,2025-08-17,0.0,1.9800000000000184
Sequans Communications S.A.,,SQNS:NYSE,Filing,3072.0,362.97,0.015,2025-08-17,0.0,1.8100000000000025
Voyager Digital LTD,,VOYG:TSX,Filing,2287.0,270.22,0.011,2025-08-17,0.0,1.3500000000000227
Capital B (Formerly: The Blockchain Group),,ALCPB:EPA,Filing,2201.0,260.06,0.01,2025-08-17,0.0,1.3000000000000114
HIVE Digital Technologies,,HIVE:NASDAQ,Filing,2201.0,260.06,0.01,2025-08-17,0.0,1.3000000000000114
Exodus Movement Inc,,EXOD:OTCMKTS,Filing,2038.0,240.8,0.01,2025-08-17,0.0,1.200000000000017
The Smarter Web Company PLC,,SWC.AQ:AQSE,Filing,1825.0,215.63,0.009,2025-08-17,0.0,1.079999999999984
"BitFuFu, Inc.",,FUFU:NASDAQ,Filing,1784.0,210.79,0.008,2025-08-17,0.0,1.0600000000000025
NEXON Co. Ltd,,NEXOF:OTCMKTS,Filing,1717.0,202.87,0.008,2025-08-17,0.0,1.009999999999991
Bitdeer Technologies Group,,BTDR:NASDAQ,Filing,1675.9,198.01,0.008,2025-08-17,0.0,0.9799999999999898
"Core Scientific, Inc.",,CORZ:NASDAQ,Filing,1612.0,190.46,0.008,2025-08-17,0.0,0.950000000000017
Bitcoin Well Inc.,,BTCW:TSXV,Filing,1573.5,185.92,0.007,2025-08-17,0.0,0.9299999999999784
Canaan Inc.,,CAN:NASDAQ,Filing,1511.0,178.53,0.007,2025-08-17,0.0,0.8900000000000148
"Fold Holdings, Inc.",,FLD:NASDAQ,Filing,1490.0,176.05,0.007,2025-08-17,0.0,0.8800000000000239
Bitfarms Limited,,BITF:NASDAQ,Filing,1166.0,137.77,0.006,2025-08-17,0.0,0.6899999999999977
Brooker Group's BROOK (BKK),,BROOK:BKK,Filing,1150.0,135.88,0.005,2025-08-17,0.0,0.6800000000000068
Satsuma Technology PLC (Formerly: TAO Alpha PLC),,SATS:LSE,Filing,1125.9,133.03,0.005,2025-08-17,0.0,0.6599999999999966
Cipher Mining,,CIFR:NASDAQ,Filing,1063.0,125.6,0.005,2025-08-17,0.0,0.6299999999999955
"Remixpoint, Inc.",,3825.T:TSE,Filing,1051.6,124.25,0.005,2025-08-17,0.0,0.6200000000000045
Meitu,,HKD:HKG,Filing,941.0,111.18,0.004,2025-08-17,0.0,0.5500000000000114
"KULR Technology Group, Inc.",,KULR:NYSE,Filing,920.0,108.7,0.004,2025-08-17,0.0,0.5400000000000063
Ming Shing Group Holdings Limited (MSW),,MSW:NASDAQ,Filing,833.0,98.42,0.004,2025-08-17,0.0,0.4899999999999949
SOS Limited,,SOS:NYSE,Filing,802.8,94.85,0.004,2025-08-17,0.0,0.4699999999999988
H100 Group,,H100:NGM,Filing,685.1,80.95,0.003,2025-08-17,0.0,0.4099999999999966
"Phunware, Inc.",,PHUN:NASDAQ,Filing,630.0,74.44,0.003,2025-08-17,0.0,0.3700000000000045
NFT Investments PLC,,NFT:AQSE,,626.0,73.96,0.003,2025-08-17,0.0,0.3599999999999994
Méliuz,,CASH3:B3,Filing,595.7,70.38,0.003,2025-08-17,0.0,0.3499999999999943
"MercadoLibre, Inc.",,MELI:NADQ,Filing,570.4,67.4,0.003,2025-08-17,0.0,0.3400000000000034
Alliance Resource Partners,,ARLP:NASDAQ,Filing,542.0,64.04,0.003,2025-08-17,0.0,0.3200000000000074
Jasmine International PCL,,JAS:SET,Filing,506.4,59.83,0.002,2025-08-17,0.0,0.2999999999999971
DigitalX,,DGGXF:OTCMKTS,Filing,425.1,50.23,0.002,2025-08-17,0.0,0.25
Neptune Digital Assets,,NPPTF:OTCMKTS,Filing,405.0,47.85,0.002,2025-08-17,0.0,0.240000000000002
Nano Labs Ltd,,NA:NASDAQ,Filing,400.0,47.26,0.002,2025-08-17,0.0,0.2299999999999968
Net Holding Anonim Sirketi,,NTHOL TI:IST,Filing,352.7,41.67,0.002,2025-08-17,0.0,0.2100000000000008
DMG Blockchain Solutions Inc.,,DMGGF:OTCMKTS,Filing,307.0,36.27,0.001,2025-08-17,0.0,0.1799999999999997
"Bitmax Co., Ltd",,377030:KRX,Filing,300.1,35.46,0.001,2025-08-17,0.0,0.1799999999999997
The9 Limited,,NCTY:NASDAQ,Filing,285.0,33.67,0.001,2025-08-17,0.0,0.1600000000000037
Advanced Bitcoin Technologies AG,,ABT:DUS,Filing,254.0,30.01,0.001,2025-08-17,0.0,0.1500000000000021
Phoenix Digital Assets PLC,,PNIX:AQSE,Filing,247.0,29.18,0.001,2025-08-17,0.0,0.1400000000000005
LQwD FinTech Corp,,LQWDF:OTC,Filing,238.5,28.18,0.001,2025-08-17,0.0,0.1400000000000005
CoinShares International Limited,,CNSRF:OTCQX,Filing,236.0,27.88,0.001,2025-08-17,0.0,0.129999999999999
"Virtu Financial, Inc.",,VIRT:NASDAQ,Filing,235.0,27.77,0.001,2025-08-17,0.0,0.1400000000000005
Rumble,,RUM:NASDAQ,Filing,210.8,24.91,0.001,2025-08-17,0.0,0.129999999999999
DEFI Technologies,,DEFTF:OTC,Filing,208.8,24.67,0.001,2025-08-17,0.0,0.120000000000001
Prenetics,,PRE:NASDAQ,Filing,187.4,22.14,0.001,2025-08-17,0.0,0.1099999999999994
ANAP Holdings,,3189:TYO,Filing,184.7,21.82,0.001,2025-08-17,0.0,0.1099999999999994
FRMO Corp.,,FRMO:OTCMKTS,Filing,158.7,18.75,0.001,2025-08-17,0.0,0.0899999999999998
"BitMine Immersion Technologies, Inc.",,BMNR:NYSE,Filing,154.2,18.22,0.001,2025-08-17,0.0,0.0899999999999998
"LM Funding America, Inc.",,LMFA:NASDAQ,Filing,150.4,17.77,0.001,2025-08-17,0.0,0.0899999999999998
DDC Enterprise Limited (DayDayCook),,DDC:NYSE,Filing,138.0,16.31,0.001,2025-08-17,0.0,0.0899999999999998
"Bit Digital, Inc.",,BTBT:NASDAQ,Filing,137.6,16.26,0.001,2025-08-17,0.0,0.0800000000000018
Horizon Kinetics Holding Corporation,,HKHC:OTCID,Filing,131.0,15.48,0.001,2025-08-17,0.0,0.08
Phoenix Group PLC,,PHX:ADX,Filing%20v4.pdf),131.0,15.48,0.001,2025-08-17,0.0,0.08
"Sixty Six Capital, Inc.",,SIX:CSE,Filing,126.8,14.98,0.001,2025-08-17,0.0,0.0700000000000002
Genius Group,,GNS:NYSE,Filing,120.0,14.18,0.001,2025-08-17,0.0,0.0700000000000002
"Linekong Interactive Group Co., Ltd",,8267:HKSE,Filing,102.1,12.06,0.0,2025-08-17,0.0,0.0600000000000005
BIGG Digital Assets Inc.,,BBKCF:OTCMKTS,Filing,100.0,11.82,0.0,2025-08-17,0.0,0.0600000000000005
Bitcoin Depot,,BTM:NASDAQ,Filing,100.0,11.82,0.0,2025-08-17,0.0,0.0600000000000005
Vinanz Limited (London BTC Company),,VINZF:OTCQX,Filing,86.0,10.16,0.0,2025-08-17,0.0,0.0500000000000007
Yuxing InfoTech Investment Holdings Limited,,8005:HKSE,Filing,78.2,9.24,0.0,2025-08-17,0.0,0.0500000000000007
Matador,,MATA:TSXV,Filing,77.4,9.15,0.0,2025-08-17,0.0,0.0500000000000007
Canada Computational Unlimited Corp.,,SATO:TSXV,Filing,75.0,8.86,0.0,2025-08-17,0.0,0.0399999999999991
Coinsilium,,COIN:AQUIS,Filing,73.7,8.71,0.0,2025-08-17,0.0,0.0500000000000007
Vanadi Coffee SA,,VANA:BME,Filing,66.0,7.8,0.0,2025-08-17,0.0,0.04
Digi Power X Inc. (Digihost),,HSSHF:OTCMKTS,Filing,61.0,7.21,0.0,2025-08-17,0.0,0.04
ATAI Life Sciences N.V.,,ATAI:NASDAQ,Filing,58.0,6.85,0.0,2025-08-17,0.0,0.0299999999999993
Cathedra Bitcoin Inc.,,CBTTF:OTCMKTS,Filing,52.5,6.2,0.0,2025-08-17,0.0,0.0300000000000002
Vaultz Capital PLC,,V3TC:AQSE,Filing,50.0,5.91,0.0,2025-08-17,0.0,0.0300000000000002
WonderFi,,WNDR:TSX,Filing,39.8,4.7,0.0,2025-08-17,0.0,0.0200000000000004
k33,,K33:STO,Filing,35.0,4.14,0.0,2025-08-17,0.0,0.0299999999999993
BIT Mining Limited,,BTCM:NYSE,Filing,35.0,4.14,0.0,2025-08-17,0.0,0.0299999999999993
"Value Creation Co., Ltd.",,9238:TSE,Filing,30.4,3.59,0.0,2025-08-17,0.0,0.02
HK Asia Holdings Limited,,1723.HK:HKEX,Filing,28.9,3.41,0.0,2025-08-17,0.0,0.0100000000000002
Metromile,,MILE:NASDAQ,Filing,25.0,2.95,0.0,2025-08-17,0.0,0.0100000000000002
SATO Technologies Corp.,,SATO:TSXV,Filing,24.0,2.84,0.0,2025-08-17,0.0,0.02
Jetking Infotrain Limited,,JETKINGQ:BSE,Filing,21.0,2.48,0.0,2025-08-17,0.0,0.0099999999999997
MURANO GLOBAL INVESTMENTS PLC,,MRNO:NASDAQ,Filing,21.0,2.48,0.0,2025-08-17,0.0,0.0099999999999997
Sphere 3D Corp,,ANY:NASDAQ,Filing,20.5,2.42,0.0,2025-08-17,0.0,0.0099999999999997
"Investview, Inc.",,INVU:OTCMKTS,Filing,20.3,2.4,0.0,2025-08-17,0.0,0.0099999999999997
Hamak Gold Limited,,HAMA:LSE,Filing,20.0,2.36,0.0,2025-08-17,0.0,0.0099999999999997
Thumzup Media Corporation,,TZUP:NASDAQ,Filing,19.1,2.26,0.0,2025-08-17,0.0,0.0099999999999997
MOGO Inc,,MOGO:Nasdaq,Filing,18.0,2.13,0.0,2025-08-17,0.0,0.0099999999999997
Athena Bitcoin Global,,ABIT:OTCID,Filing,17.0,2.01,0.0,2025-08-17,0.0,0.0099999999999997
Belgravia Hartford Capital Inc.,,BLGV:CSE,Filing,15.7,1.86,0.0,2025-08-17,0.0,0.01
Intchains Group Limited,,ICG:NASDAQ,Filing,12.7,1.5,0.0,2025-08-17,0.0,0.01
Intesa Sanpaolo S.p.A,,ISP.MI:BIT,Filing,11.0,1.3,0.0,2025-08-17,0.0,0.01
Argo Blockchain PLC,,ARBKF:OTCMKTS,Filing,11.0,1.3,0.0,2025-08-17,0.0,0.01
Locate Technologies Limited,,LOC:ASX,Filing,10.1,1.19,0.0,2025-08-17,0.0,0.0
Norwegian Block Exchange AS (NBX),,NBX:OSE,Filing,10.0,1.18,0.0,2025-08-17,0.0,0.0
OneMedNet Corporation,,ONMD:NASDAQ,Filing,10.0,1.18,0.0,2025-08-17,0.0,0.0
Digital Commodities Capital Corp.,,DIGI:CSE,Filing,8.7,1.03,0.0,2025-08-17,0.0,0.01
CryptoStar Corp.,,CSTR:TSXV,Filing,7.6,897969.0,0.0,2025-08-17,0.0,4481.0
"Where Food Comes From, Inc.",,WFCF:NASDAQ,Filing,7.0,827077.0,0.0,2025-08-17,0.0,4128.0
AlAbraaj Restaurants Group,,ABRAAJ:BSE,Filing,7.0,827077.0,0.0,2025-08-17,0.0,4128.0
GreenMerc AB,,L5L:FSE,Filing,6.2,732554.0,0.0,2025-08-17,0.0,3656.0
Fintech Select Ltd.,,FTEC:TSXV,Filing,5.0,590769.0,0.0,2025-08-17,0.0,2948.0
"SBC Medical Group Holdings, Inc.",,SBC:NASDAQ,Filing,5.0,590769.0,0.0,2025-08-17,0.0,2948.0
Tap Global Group Plc,,TAP:AQSE,Filing,5.0,590769.0,0.0,2025-08-17,0.0,2948.0
Green Minerals AS,,GEM:OSE,Filing,4.0,472615.0,0.0,2025-08-17,0.0,2359.0
"LEEF Brands, Inc.",,LEEF:CSE,Filing,3.9,460800.0,0.0,2025-08-17,0.0,2300.0
AgriFORCE Growing Systems Ltd.,,AGRI:NASDAQ,Filing,3.3,389908.0,0.0,2025-08-17,0.0,1947.0
Safello Group AB,,SFL:STO,Filing,2.0,236307.0,0.0,2025-08-17,0.0,1179.0
Banxa Holdings Inc,,BNXAF:OTCMKTS,Filing,1.6,189046.0,0.0,2025-08-17,0.0,944.0
Advanced Blockchain AG,,DE000A0M93V6:XETRA,Filing,1.2,141784.0,0.0,2025-08-17,0.0,707.0
Panther Metals Plc,,PALM:LSE,Filing,1.0,118153.0,0.0,2025-08-17,0.0,589.0
ATIF Holdings Ltd.,,ATIF:NASDAQ,Filing,0.2,23630.0,0.0,2025-08-17,0.0,118.0
TeraWulf Inc.,,WULF:NASDAQ,Filing,0.0,0.0,0.0,2025-08-17,0.0,0.0
,,,**Totals:**,935498.0,110.53,4.455,2025-08-17,,
Strategy (MicroStrategy),,MSTR:NADQ,Filing,628946.0,72.47,2.995,2025-08-18,0.0,-1.840000000000004
Marathon Digital Holdings Inc,,MARA:NADQ,Filing,50639.0,5.83,0.241,2025-08-18,0.0,-0.1500000000000003
Twenty One Capital (XXI),,XXI:NASDAQ,Filing,37229.7,4.29,0.177,2025-08-18,0.0,-0.1100000000000003
Bullish,,BLSH:NYSE,Filing,24340.0,2.8,0.116,2025-08-18,0.0,-0.08
"Riot Platforms, Inc.",,RIOT:NADQ,Filing,19287.0,2.22,0.092,2025-08-18,0.0,-0.0599999999999996
Metaplanet Inc.,,3350.T:TYO,Filing,18113.0,2.09,0.086,2025-08-18,0.0,-0.0500000000000002
Galaxy Digital Holdings,,BRPHF:OTCMKTS,Filing,12830.0,1.48,0.061,2025-08-18,0.0,-0.04
CleanSpark Inc,,CLSK:NASDAQ,Filing,12703.0,1.46,0.06,2025-08-18,0.0,-0.04
Bitcoin Group SE Bitcoin Holdings,,BTGGF:TCMKTS,,12387.0,1.43,0.059,2025-08-18,0.0,-0.03
"Coinbase Global, Inc.",,COIN:NADQ,Filing,11776.0,1.36,0.056,2025-08-18,0.0,-0.0299999999999998
"Tesla, Inc",,TSLA:NADQ,Filing,11509.0,1.33,0.055,2025-08-18,0.0,-0.03
Hut 8 Corp,,HUT:NASDAQ,Filing,10667.0,1.23,0.051,2025-08-18,0.0,-0.03
"Block, Inc.",,SQ:NYSE,Filing,8584.0,989.11,0.041,2025-08-18,0.0,988.1
Next Technology Holding Inc.,,NXTT:NASDAQ,Filing,5833.0,672.12,0.028,2025-08-18,0.0,-17.07000000000005
Semler Scientific,,SMLR:NASDAQ,Filing,5021.0,578.56,0.024,2025-08-18,0.0,-14.690000000000056
"ProCap BTC, LLC",,CCCM:NASDAQ,Filing,4932.0,568.3,0.023,2025-08-18,0.0,-14.440000000000056
GameStop Corp.,,GME:NYSE,Filing,4710.0,542.72,0.022,2025-08-18,0.0,-13.789999999999964
Cango Inc.,,CANG:NYSE,Filing,3713.0,427.84,0.018,2025-08-18,0.0,-10.870000000000005
"Volcon, Inc.",,VLCN:NASDAQ,Filing,3500.2,403.32,0.017,2025-08-18,0.0,-10.240000000000007
Boyaa Interactive International Limited,,0434.HK:HKEX,Filing,3353.0,386.36,0.016,2025-08-18,0.0,-9.810000000000002
Sequans Communications S.A.,,SQNS:NYSE,Filing,3072.0,353.98,0.015,2025-08-18,0.0,-8.990000000000009
Voyager Digital LTD,,VOYG:TSX,Filing,2287.0,263.52,0.011,2025-08-18,0.0,-6.7000000000000455
Capital B (Formerly: The Blockchain Group),,ALCPB:EPA,Filing,2201.0,253.62,0.01,2025-08-18,0.0,-6.439999999999998
HIVE Digital Technologies,,HIVE:NASDAQ,Filing,2201.0,253.62,0.01,2025-08-18,0.0,-6.439999999999998
Exodus Movement Inc,,EXOD:OTCMKTS,Filing,2038.0,234.83,0.01,2025-08-18,0.0,-5.969999999999999
The Smarter Web Company PLC,,SWC.AQ:AQSE,Filing,1825.0,210.29,0.009,2025-08-18,0.0,-5.340000000000003
"BitFuFu, Inc.",,FUFU:NASDAQ,Filing,1784.0,205.57,0.008,2025-08-18,0.0,-5.219999999999999
NEXON Co. Ltd,,NEXOF:OTCMKTS,Filing,1717.0,197.85,0.008,2025-08-18,0.0,-5.02000000000001
Bitdeer Technologies Group,,BTDR:NASDAQ,Filing,1675.9,193.11,0.008,2025-08-18,0.0,-4.899999999999977
"Core Scientific, Inc.",,CORZ:NASDAQ,Filing,1612.0,185.75,0.008,2025-08-18,0.0,-4.710000000000008
Bitcoin Well Inc.,,BTCW:TSXV,Filing,1573.5,181.31,0.007,2025-08-18,0.0,-4.609999999999985
Canaan Inc.,,CAN:NASDAQ,Filing,1511.0,174.11,0.007,2025-08-18,0.0,-4.419999999999988
"Fold Holdings, Inc.",,FLD:NASDAQ,Filing,1490.0,171.69,0.007,2025-08-18,0.0,-4.360000000000014
Bitfarms Limited,,BITF:NASDAQ,Filing,1166.0,134.36,0.006,2025-08-18,0.0,-3.4099999999999966
Brooker Group's BROOK (BKK),,BROOK:BKK,Filing,1150.0,132.51,0.005,2025-08-18,0.0,-3.3700000000000045
Satsuma Technology PLC (Formerly: TAO Alpha PLC),,SATS:LSE,Filing,1125.9,129.73,0.005,2025-08-18,0.0,-3.300000000000012
Cipher Mining,,CIFR:NASDAQ,Filing,1063.0,122.49,0.005,2025-08-18,0.0,-3.1099999999999994
"Remixpoint, Inc.",,3825.T:TSE,Filing,1051.6,121.17,0.005,2025-08-18,0.0,-3.0799999999999983
Meitu,,HKD:HKG,Filing,941.0,108.43,0.004,2025-08-18,0.0,-2.75
"KULR Technology Group, Inc.",,KULR:NYSE,Filing,920.0,106.01,0.004,2025-08-18,0.0,-2.6899999999999977
Ming Shing Group Holdings Limited (MSW),,MSW:NASDAQ,Filing,833.0,95.98,0.004,2025-08-18,0.0,-2.4399999999999977
SOS Limited,,SOS:NYSE,Filing,802.8,92.5,0.004,2025-08-18,0.0,-2.3499999999999943
H100 Group,,H100:NGM,Filing,685.1,78.94,0.003,2025-08-18,0.0,-2.010000000000005
"Phunware, Inc.",,PHUN:NASDAQ,Filing,630.0,72.59,0.003,2025-08-18,0.0,-1.8499999999999943
NFT Investments PLC,,NFT:AQSE,,626.0,72.13,0.003,2025-08-18,0.0,-1.8299999999999983
Méliuz,,CASH3:B3,Filing,595.7,68.64,0.003,2025-08-18,0.0,-1.7399999999999949
"MercadoLibre, Inc.",,MELI:NADQ,Filing,570.4,65.73,0.003,2025-08-18,0.0,-1.6700000000000017
Alliance Resource Partners,,ARLP:NASDAQ,Filing,542.0,62.45,0.003,2025-08-18,0.0,-1.5900000000000034
Jasmine International PCL,,JAS:SET,Filing,506.4,58.35,0.002,2025-08-18,0.0,-1.4799999999999969
DigitalX,,DGGXF:OTCMKTS,Filing,425.1,48.98,0.002,2025-08-18,0.0,-1.25
Neptune Digital Assets,,NPPTF:OTCMKTS,Filing,405.0,46.67,0.002,2025-08-18,0.0,-1.1799999999999995
Nano Labs Ltd,,NA:NASDAQ,Filing,400.0,46.09,0.002,2025-08-18,0.0,-1.1699999999999946
Net Holding Anonim Sirketi,,NTHOL TI:IST,Filing,352.7,40.64,0.002,2025-08-18,0.0,-1.0300000000000011
DMG Blockchain Solutions Inc.,,DMGGF:OTCMKTS,Filing,307.0,35.37,0.001,2025-08-18,0.0,-0.9000000000000057
"Bitmax Co., Ltd",,377030:KRX,Filing,300.1,34.58,0.001,2025-08-18,0.0,-0.8800000000000026
The9 Limited,,NCTY:NASDAQ,Filing,285.0,32.84,0.001,2025-08-18,0.0,-0.8299999999999983
Advanced Bitcoin Technologies AG,,ABT:DUS,Filing,254.0,29.27,0.001,2025-08-18,0.0,-0.740000000000002
Phoenix Digital Assets PLC,,PNIX:AQSE,Filing,247.0,28.46,0.001,2025-08-18,0.0,-0.7199999999999989
LQwD FinTech Corp,,LQWDF:OTC,Filing,238.5,27.48,0.001,2025-08-18,0.0,-0.6999999999999993
CoinShares International Limited,,CNSRF:OTCQX,Filing,236.0,27.19,0.001,2025-08-18,0.0,-0.6899999999999977
"Virtu Financial, Inc.",,VIRT:NASDAQ,Filing,235.0,27.08,0.001,2025-08-18,0.0,-0.6900000000000013
Rumble,,RUM:NASDAQ,Filing,210.8,24.29,0.001,2025-08-18,0.0,-0.620000000000001
DEFI Technologies,,DEFTF:OTC,Filing,208.8,24.06,0.001,2025-08-18,0.0,-0.610000000000003
Prenetics,,PRE:NASDAQ,Filing,187.4,21.59,0.001,2025-08-18,0.0,-0.5500000000000007
ANAP Holdings,,3189:TYO,Filing,184.7,21.28,0.001,2025-08-18,0.0,-0.5399999999999991
FRMO Corp.,,FRMO:OTCMKTS,Filing,158.7,18.29,0.001,2025-08-18,0.0,-0.4600000000000008
"BitMine Immersion Technologies, Inc.",,BMNR:NYSE,Filing,154.2,17.77,0.001,2025-08-18,0.0,-0.4499999999999993
"LM Funding America, Inc.",,LMFA:NASDAQ,Filing,150.4,17.33,0.001,2025-08-18,0.0,-0.4400000000000013
DDC Enterprise Limited (DayDayCook),,DDC:NYSE,Filing,138.0,15.9,0.001,2025-08-18,0.0,-0.4099999999999983
"Bit Digital, Inc.",,BTBT:NASDAQ,Filing,137.6,15.86,0.001,2025-08-18,0.0,-0.4000000000000021
Horizon Kinetics Holding Corporation,,HKHC:OTCID,Filing,131.0,15.09,0.001,2025-08-18,0.0,-0.3900000000000005
Phoenix Group PLC,,PHX:ADX,Filing%20v4.pdf),131.0,15.09,0.001,2025-08-18,0.0,-0.3900000000000005
"Sixty Six Capital, Inc.",,SIX:CSE,Filing,126.8,14.61,0.001,2025-08-18,0.0,-0.370000000000001
Genius Group,,GNS:NYSE,Filing,120.0,13.83,0.001,2025-08-18,0.0,-0.3499999999999996
"Linekong Interactive Group Co., Ltd",,8267:HKSE,Filing,102.1,11.76,0.0,2025-08-18,0.0,-0.3000000000000007
BIGG Digital Assets Inc.,,BBKCF:OTCMKTS,Filing,100.0,11.52,0.0,2025-08-18,0.0,-0.3000000000000007
Bitcoin Depot,,BTM:NASDAQ,Filing,100.0,11.52,0.0,2025-08-18,0.0,-0.3000000000000007
Vinanz Limited (London BTC Company),,VINZF:OTCQX,Filing,86.0,9.91,0.0,2025-08-18,0.0,-0.25
Yuxing InfoTech Investment Holdings Limited,,8005:HKSE,Filing,78.2,9.01,0.0,2025-08-18,0.0,-0.2300000000000004
Matador,,MATA:TSXV,Filing,77.4,8.92,0.0,2025-08-18,0.0,-0.2300000000000004
Canada Computational Unlimited Corp.,,SATO:TSXV,Filing,75.0,8.64,0.0,2025-08-18,0.0,-0.2199999999999988
Coinsilium,,COIN:AQUIS,Filing,73.7,8.49,0.0,2025-08-18,0.0,-0.2200000000000006
Vanadi Coffee SA,,VANA:BME,Filing,66.0,7.61,0.0,2025-08-18,0.0,-0.1899999999999995
Digi Power X Inc. (Digihost),,HSSHF:OTCMKTS,Filing,61.0,7.03,0.0,2025-08-18,0.0,-0.1799999999999997
ATAI Life Sciences N.V.,,ATAI:NASDAQ,Filing,58.0,6.68,0.0,2025-08-18,0.0,-0.1699999999999999
Cathedra Bitcoin Inc.,,CBTTF:OTCMKTS,Filing,52.5,6.05,0.0,2025-08-18,0.0,-0.1500000000000003
Vaultz Capital PLC,,V3TC:AQSE,Filing,50.0,5.76,0.0,2025-08-18,0.0,-0.1500000000000003
WonderFi,,WNDR:TSX,Filing,39.8,4.59,0.0,2025-08-18,0.0,-0.1100000000000003
k33,,K33:STO,Filing,35.0,4.03,0.0,2025-08-18,0.0,-0.1099999999999994
BIT Mining Limited,,BTCM:NYSE,Filing,35.0,4.03,0.0,2025-08-18,0.0,-0.1099999999999994
"Value Creation Co., Ltd.",,9238:TSE,Filing,30.4,3.5,0.0,2025-08-18,0.0,-0.0899999999999998
HK Asia Holdings Limited,,1723.HK:HKEX,Filing,28.9,3.33,0.0,2025-08-18,0.0,-0.08
Metromile,,MILE:NASDAQ,Filing,25.0,2.88,0.0,2025-08-18,0.0,-0.0700000000000002
SATO Technologies Corp.,,SATO:TSXV,Filing,24.0,2.77,0.0,2025-08-18,0.0,-0.0699999999999998
Jetking Infotrain Limited,,JETKINGQ:BSE,Filing,21.0,2.42,0.0,2025-08-18,0.0,-0.06
MURANO GLOBAL INVESTMENTS PLC,,MRNO:NASDAQ,Filing,21.0,2.42,0.0,2025-08-18,0.0,-0.06
Sphere 3D Corp,,ANY:NASDAQ,Filing,20.5,2.36,0.0,2025-08-18,0.0,-0.06
"Investview, Inc.",,INVU:OTCMKTS,Filing,20.3,2.34,0.0,2025-08-18,0.0,-0.06
Hamak Gold Limited,,HAMA:LSE,Filing,20.0,2.3,0.0,2025-08-18,0.0,-0.06
Thumzup Media Corporation,,TZUP:NASDAQ,Filing,19.1,2.2,0.0,2025-08-18,0.0,-0.0599999999999996
MOGO Inc,,MOGO:Nasdaq,Filing,18.0,2.07,0.0,2025-08-18,0.0,-0.06
Athena Bitcoin Global,,ABIT:OTCID,Filing,17.0,1.96,0.0,2025-08-18,0.0,-0.0499999999999998
Belgravia Hartford Capital Inc.,,BLGV:CSE,Filing,15.7,1.81,0.0,2025-08-18,0.0,-0.05
Intchains Group Limited,,ICG:NASDAQ,Filing,12.7,1.46,0.0,2025-08-18,0.0,-0.04
Intesa Sanpaolo S.p.A,,ISP.MI:BIT,Filing,11.0,1.27,0.0,2025-08-18,0.0,-0.03
Argo Blockchain PLC,,ARBKF:OTCMKTS,Filing,11.0,1.27,0.0,2025-08-18,0.0,-0.03
Locate Technologies Limited,,LOC:ASX,Filing,10.1,1.16,0.0,2025-08-18,0.0,-0.03
Norwegian Block Exchange AS (NBX),,NBX:OSE,Filing,10.0,1.15,0.0,2025-08-18,0.0,-0.03
OneMedNet Corporation,,ONMD:NASDAQ,Filing,10.0,1.15,0.0,2025-08-18,0.0,-0.03
Digital Commodities Capital Corp.,,DIGI:CSE,Filing,8.7,1.0,0.0,2025-08-18,0.0,-0.03
CryptoStar Corp.,,CSTR:TSXV,Filing,7.6,875727.0,0.0,2025-08-18,0.0,-22242.0
"Where Food Comes From, Inc.",,WFCF:NASDAQ,Filing,7.0,806591.0,0.0,2025-08-18,0.0,-20486.0
AlAbraaj Restaurants Group,,ABRAAJ:BSE,Filing,7.0,806591.0,0.0,2025-08-18,0.0,-20486.0
GreenMerc AB,,L5L:FSE,Filing,6.2,714409.0,0.0,2025-08-18,0.0,-18145.0
Fintech Select Ltd.,,FTEC:TSXV,Filing,5.0,576136.0,0.0,2025-08-18,0.0,-14633.0
"SBC Medical Group Holdings, Inc.",,SBC:NASDAQ,Filing,5.0,576136.0,0.0,2025-08-18,0.0,-14633.0
Tap Global Group Plc,,TAP:AQSE,Filing,5.0,576136.0,0.0,2025-08-18,0.0,-14633.0
Green Minerals AS,,GEM:OSE,Filing,4.0,460909.0,0.0,2025-08-18,0.0,-11706.0
"LEEF Brands, Inc.",,LEEF:CSE,Filing,3.9,449386.0,0.0,2025-08-18,0.0,-11414.0
AgriFORCE Growing Systems Ltd.,,AGRI:NASDAQ,Filing,3.3,380250.0,0.0,2025-08-18,0.0,-9658.0
Safello Group AB,,SFL:STO,Filing,2.0,230454.0,0.0,2025-08-18,0.0,-5853.0
Banxa Holdings Inc,,BNXAF:OTCMKTS,Filing,1.6,184363.0,0.0,2025-08-18,0.0,-4683.0
Advanced Blockchain AG,,DE000A0M93V6:XETRA,Filing,1.2,138272.0,0.0,2025-08-18,0.0,-3512.0
Panther Metals Plc,,PALM:LSE,Filing,1.0,115227.0,0.0,2025-08-18,0.0,-2926.0
ATIF Holdings Ltd.,,ATIF:NASDAQ,Filing,0.2,23045.0,0.0,2025-08-18,0.0,-585.0
TeraWulf Inc.,,WULF:NASDAQ,Filing,0.0,0.0,0.0,2025-08-18,0.0,0.0
,,,**Totals:**,935498.0,107.79,4.455,2025-08-18,,
Strategy (MicroStrategy),,MSTR:NADQ,Filing,629376.0,72.67,2.997,2025-08-19,430.0,0.2000000000000028
Marathon Digital Holdings Inc,,MARA:NADQ,Filing,50639.0,5.85,0.241,2025-08-19,0.0,0.0199999999999995
Twenty One Capital (XXI),,XXI:NASDAQ,Filing,37229.7,4.3,0.177,2025-08-19,0.0,0.0099999999999997
Bullish,,BLSH:NYSE,Filing,24340.0,2.81,0.116,2025-08-19,0.0,0.0100000000000002
"Riot Platforms, Inc.",,RIOT:NADQ,Filing,19287.0,2.23,0.092,2025-08-19,0.0,0.0099999999999997
Metaplanet Inc.,,3350.T:TYO,Filing,18113.0,2.09,0.086,2025-08-19,0.0,0.0
Galaxy Digital Holdings,,BRPHF:OTCMKTS,Filing,12830.0,1.48,0.061,2025-08-19,0.0,0.0
CleanSpark Inc,,CLSK:NASDAQ,Filing,12703.0,1.47,0.06,2025-08-19,0.0,0.01
Bitcoin Group SE Bitcoin Holdings,,BTGGF:TCMKTS,,12387.0,1.43,0.059,2025-08-19,0.0,0.0
"Coinbase Global, Inc.",,COIN:NADQ,Filing,11776.0,1.36,0.056,2025-08-19,0.0,0.0
"Tesla, Inc",,TSLA:NADQ,Filing,11509.0,1.33,0.055,2025-08-19,0.0,0.0
Hut 8 Corp,,HUT:NASDAQ,Filing,10667.0,1.23,0.051,2025-08-19,0.0,0.0
"Block, Inc.",,SQ:NYSE,Filing,8584.0,991.14,0.041,2025-08-19,0.0,2.0299999999999727
Next Technology Holding Inc.,,NXTT:NASDAQ,Filing,5833.0,673.5,0.028,2025-08-19,0.0,1.3799999999999957
Semler Scientific,,SMLR:NASDAQ,Filing,5021.0,579.74,0.024,2025-08-19,0.0,1.1800000000000637
"ProCap BTC, LLC",,CCCM:NASDAQ,Filing,4932.0,569.47,0.023,2025-08-19,0.0,1.1700000000000728
Cango Inc.,,CANG:NYSE,Filing,4822.3,556.8,0.023,2025-08-19,1109.3000000000002,128.95999999999998
GameStop Corp.,,GME:NYSE,Filing,4710.0,543.83,0.022,2025-08-19,0.0,1.1100000000000136
Empery Digital (Formerly: Volcon),,EMPD:NASDAQ,Filing,4051.9,467.85,0.019,2025-08-19,,
Boyaa Interactive International Limited,,0434.HK:HKEX,Filing,3353.0,387.15,0.016,2025-08-19,0.0,0.7899999999999636
Sequans Communications S.A.,,SQNS:NYSE,Filing,3072.0,354.7,0.015,2025-08-19,0.0,0.7199999999999704
The Smarter Web Company PLC,,SWC.AQ:AQSE,Filing,2395.0,276.54,0.011,2025-08-19,570.0,66.25000000000003
Voyager Digital LTD,,VOYG:TSX,Filing,2287.0,264.07,0.011,2025-08-19,0.0,0.5500000000000114
HIVE Digital Technologies,,HIVE:NASDAQ,Filing,2201.0,254.14,0.01,2025-08-19,0.0,0.5199999999999818
Capital B (Formerly: The Blockchain Group),,ALCPB:EPA,Filing,2201.0,254.14,0.01,2025-08-19,0.0,0.5199999999999818
Exodus Movement Inc,,EXOD:OTCMKTS,Filing,2038.0,235.31,0.01,2025-08-19,0.0,0.4799999999999897
"BitFuFu, Inc.",,FUFU:NASDAQ,Filing,1784.0,205.99,0.008,2025-08-19,0.0,0.4200000000000159
NEXON Co. Ltd,,NEXOF:OTCMKTS,Filing,1717.0,198.25,0.008,2025-08-19,0.0,0.4000000000000057
Bitdeer Technologies Group,,BTDR:NASDAQ,Filing,1675.9,193.51,0.008,2025-08-19,0.0,0.3999999999999772
"Core Scientific, Inc.",,CORZ:NASDAQ,Filing,1612.0,186.13,0.008,2025-08-19,0.0,0.3799999999999954
Bitcoin Well Inc.,,BTCW:TSXV,Filing,1573.5,181.68,0.007,2025-08-19,0.0,0.3700000000000045
Canaan Inc.,,CAN:NASDAQ,Filing,1511.0,174.47,0.007,2025-08-19,0.0,0.3599999999999852
"Fold Holdings, Inc.",,FLD:NASDAQ,Filing,1490.0,172.04,0.007,2025-08-19,0.0,0.3499999999999943
Bitfarms Limited,,BITF:NASDAQ,Filing,1402.0,161.88,0.007,2025-08-19,236.0,27.519999999999985
"Remixpoint, Inc.",,3825.T:TSE,Filing,1231.6,142.2,0.006,2025-08-19,180.0,21.029999999999987
Brooker Group's BROOK (BKK),,BROOK:BKK,Filing,1150.0,132.78,0.005,2025-08-19,0.0,0.2700000000000102
Satsuma Technology PLC (Formerly: TAO Alpha PLC),,SATS:LSE,Filing,1125.9,130.0,0.005,2025-08-19,0.0,0.2700000000000102
Cipher Mining,,CIFR:NASDAQ,Filing,1063.0,122.74,0.005,2025-08-19,0.0,0.25
ANAP Holdings,,3189:TYO,Filing,1000.0,115.46,0.005,2025-08-19,815.3,94.18
Meitu,,HKD:HKG,Filing,941.0,108.65,0.004,2025-08-19,0.0,0.2199999999999988
"KULR Technology Group, Inc.",,KULR:NYSE,Filing,920.0,106.23,0.004,2025-08-19,0.0,0.2199999999999988
Ming Shing Group Holdings Limited (MSW),,MSW:NASDAQ,Filing,833.0,96.18,0.004,2025-08-19,0.0,0.2000000000000028
SOS Limited,,SOS:NYSE,Filing,802.8,92.69,0.004,2025-08-19,0.0,0.1899999999999977
H100 Group,,H100:NGM,Filing,685.1,79.1,0.003,2025-08-19,0.0,0.1599999999999966
"Phunware, Inc.",,PHUN:NASDAQ,Filing,630.0,72.74,0.003,2025-08-19,0.0,0.1499999999999914
NFT Investments PLC,,NFT:AQSE,,626.0,72.28,0.003,2025-08-19,0.0,0.1500000000000056
Méliuz,,CASH3:B3,Filing,595.7,68.78,0.003,2025-08-19,0.0,0.1400000000000005
"MercadoLibre, Inc.",,MELI:NADQ,Filing,570.4,65.86,0.003,2025-08-19,0.0,0.1299999999999954
"Bitmax Co., Ltd",,377030:KRX,Filing,551.2,63.64,0.003,2025-08-19,251.1,29.06
Alliance Resource Partners,,ARLP:NASDAQ,Filing,542.0,62.58,0.003,2025-08-19,0.0,0.1299999999999954
Jasmine International PCL,,JAS:SET,Filing,506.4,58.47,0.002,2025-08-19,0.0,0.1199999999999974
DDC Enterprise Limited (DayDayCook),,DDC:NYSE,Filing,488.0,56.35,0.002,2025-08-19,350.0,40.45
DigitalX,,DGGXF:OTCMKTS,Filing,425.1,49.08,0.002,2025-08-19,0.0,0.1000000000000014
Neptune Digital Assets,,NPPTF:OTCMKTS,Filing,405.0,46.76,0.002,2025-08-19,0.0,0.0899999999999963
Nano Labs Ltd,,NA:NASDAQ,Filing,400.0,46.19,0.002,2025-08-19,0.0,0.0999999999999943
Net Holding Anonim Sirketi,,NTHOL TI:IST,Filing,352.7,40.72,0.002,2025-08-19,0.0,0.0799999999999983
DMG Blockchain Solutions Inc.,,DMGGF:OTCMKTS,Filing,307.0,35.45,0.001,2025-08-19,0.0,0.0800000000000054
The9 Limited,,NCTY:NASDAQ,Filing,285.0,32.91,0.001,2025-08-19,0.0,0.0699999999999931
Advanced Bitcoin Technologies AG,,ABT:DUS,Filing,254.0,29.33,0.001,2025-08-19,0.0,0.0599999999999987
Phoenix Digital Assets PLC,,PNIX:AQSE,Filing,247.0,28.52,0.001,2025-08-19,0.0,0.0599999999999987
LQwD FinTech Corp,,LQWDF:OTC,Filing,238.5,27.54,0.001,2025-08-19,0.0,0.0599999999999987
CoinShares International Limited,,CNSRF:OTCQX,Filing,236.0,27.25,0.001,2025-08-19,0.0,0.0599999999999987
"Virtu Financial, Inc.",,VIRT:NASDAQ,Filing,235.0,27.13,0.001,2025-08-19,0.0,0.0500000000000007
Rumble,,RUM:NASDAQ,Filing,210.8,24.34,0.001,2025-08-19,0.0,0.0500000000000007
DEFI Technologies,,DEFTF:OTC,Filing,208.8,24.11,0.001,2025-08-19,0.0,0.0500000000000007
"Linekong Interactive Group Co., Ltd",,8267:HKSE,Filing,193.1,22.3,0.001,2025-08-19,91.0,10.54
Prenetics,,PRE:NASDAQ,Filing,187.4,21.64,0.001,2025-08-19,0.0,0.0500000000000007
FRMO Corp.,,FRMO:OTCMKTS,Filing,158.7,18.32,0.001,2025-08-19,0.0,0.0300000000000011
"BitMine Immersion Technologies, Inc.",,BMNR:NYSE,Filing,154.2,17.8,0.001,2025-08-19,0.0,0.0300000000000011
"LM Funding America, Inc.",,LMFA:NASDAQ,Filing,150.4,17.37,0.001,2025-08-19,0.0,0.0400000000000027
"Bit Digital, Inc.",,BTBT:NASDAQ,Filing,137.6,15.89,0.001,2025-08-19,0.0,0.0300000000000011
Phoenix Group PLC,,PHX:ADX,Filing%20v4.pdf),131.0,15.13,0.001,2025-08-19,0.0,0.0400000000000009
Horizon Kinetics Holding Corporation,,HKHC:OTCID,Filing,131.0,15.13,0.001,2025-08-19,0.0,0.0400000000000009
"Sixty Six Capital, Inc.",,SIX:CSE,Filing,126.8,14.64,0.001,2025-08-19,0.0,0.0300000000000011
Genius Group,,GNS:NYSE,Filing,120.0,13.86,0.001,2025-08-19,0.0,0.0299999999999993
BIGG Digital Assets Inc.,,BBKCF:OTCMKTS,Filing,100.0,11.55,0.0,2025-08-19,0.0,0.0300000000000011
Bitcoin Depot,,BTM:NASDAQ,Filing,100.0,11.55,0.0,2025-08-19,0.0,0.0300000000000011
Vinanz Limited (London BTC Company),,VINZF:OTCQX,Filing,86.0,9.93,0.0,2025-08-19,0.0,0.0199999999999995
Yuxing InfoTech Investment Holdings Limited,,8005:HKSE,Filing,78.2,9.03,0.0,2025-08-19,0.0,0.0199999999999995
Matador,,MATA:TSXV,Filing,77.4,8.94,0.0,2025-08-19,0.0,0.0199999999999995
Canada Computational Unlimited Corp.,,SATO:TSXV,Filing,75.0,8.66,0.0,2025-08-19,0.0,0.0199999999999995
Coinsilium,,COIN:AQUIS,Filing,73.7,8.51,0.0,2025-08-19,0.0,0.0199999999999995
Vanadi Coffee SA,,VANA:BME,Filing,66.0,7.62,0.0,2025-08-19,0.0,0.0099999999999997
Digi Power X Inc. (Digihost),,HSSHF:OTCMKTS,Filing,61.0,7.04,0.0,2025-08-19,0.0,0.0099999999999997
ATAI Life Sciences N.V.,,ATAI:NASDAQ,Filing,58.0,6.7,0.0,2025-08-19,0.0,0.0200000000000004
Cathedra Bitcoin Inc.,,CBTTF:OTCMKTS,Filing,52.5,6.06,0.0,2025-08-19,0.0,0.0099999999999997
Vaultz Capital PLC,,V3TC:AQSE,Filing,50.0,5.77,0.0,2025-08-19,0.0,0.0099999999999997
WonderFi,,WNDR:TSX,Filing,39.8,4.6,0.0,2025-08-19,0.0,0.0099999999999997
k33,,K33:STO,Filing,35.0,4.04,0.0,2025-08-19,0.0,0.0099999999999997
BIT Mining Limited,,BTCM:NYSE,Filing,35.0,4.04,0.0,2025-08-19,0.0,0.0099999999999997
"Value Creation Co., Ltd.",,9238:TSE,Filing,30.4,3.51,0.0,2025-08-19,0.0,0.0099999999999997
HK Asia Holdings Limited,,1723.HK:HKEX,Filing,28.9,3.34,0.0,2025-08-19,0.0,0.0099999999999997
Metromile,,MILE:NASDAQ,Filing,25.0,2.89,0.0,2025-08-19,0.0,0.0100000000000002
SATO Technologies Corp.,,SATO:TSXV,Filing,24.0,2.77,0.0,2025-08-19,0.0,0.0
Jetking Infotrain Limited,,JETKINGQ:BSE,Filing,21.0,2.42,0.0,2025-08-19,0.0,0.0
MURANO GLOBAL INVESTMENTS PLC,,MRNO:NASDAQ,Filing,21.0,2.42,0.0,2025-08-19,0.0,0.0
Sphere 3D Corp,,ANY:NASDAQ,Filing,20.5,2.37,0.0,2025-08-19,0.0,0.0100000000000002
"Investview, Inc.",,INVU:OTCMKTS,Filing,20.3,2.34,0.0,2025-08-19,0.0,0.0
Hamak Gold Limited,,HAMA:LSE,Filing,20.0,2.31,0.0,2025-08-19,0.0,0.0100000000000002
Thumzup Media Corporation,,TZUP:NASDAQ,Filing,19.1,2.21,0.0,2025-08-19,0.0,0.0099999999999997
MOGO Inc,,MOGO:Nasdaq,Filing,18.0,2.08,0.0,2025-08-19,0.0,0.0100000000000002
Athena Bitcoin Global,,ABIT:OTCID,Filing,17.0,1.96,0.0,2025-08-19,0.0,0.0
Belgravia Hartford Capital Inc.,,BLGV:CSE,Filing,15.7,1.81,0.0,2025-08-19,0.0,0.0
Intchains Group Limited,,ICG:NASDAQ,Filing,12.7,1.47,0.0,2025-08-19,0.0,0.01
Argo Blockchain PLC,,ARBKF:OTCMKTS,Filing,11.0,1.27,0.0,2025-08-19,0.0,0.0
Intesa Sanpaolo S.p.A,,ISP.MI:BIT,Filing,11.0,1.27,0.0,2025-08-19,0.0,0.0
Locate Technologies Limited,,LOC:ASX,Filing,10.1,1.17,0.0,2025-08-19,0.0,0.01
OneMedNet Corporation,,ONMD:NASDAQ,Filing,10.0,1.15,0.0,2025-08-19,0.0,0.0
Norwegian Block Exchange AS (NBX),,NBX:OSE,Filing,10.0,1.15,0.0,2025-08-19,0.0,0.0
Digital Commodities Capital Corp.,,DIGI:CSE,Filing,8.7,1.0,0.0,2025-08-19,0.0,0.0
CryptoStar Corp.,,CSTR:TSXV,Filing,7.6,877522.0,0.0,2025-08-19,0.0,1795.0
AlAbraaj Restaurants Group,,ABRAAJ:BSE,Filing,7.0,808244.0,0.0,2025-08-19,0.0,1653.0
"Where Food Comes From, Inc.",,WFCF:NASDAQ,Filing,7.0,808244.0,0.0,2025-08-19,0.0,1653.0
GreenMerc AB,,L5L:FSE,Filing,6.2,715873.0,0.0,2025-08-19,0.0,1464.0
Fintech Select Ltd.,,FTEC:TSXV,Filing,5.0,577317.0,0.0,2025-08-19,0.0,1181.0
Tap Global Group Plc,,TAP:AQSE,Filing,5.0,577317.0,0.0,2025-08-19,0.0,1181.0
"SBC Medical Group Holdings, Inc.",,SBC:NASDAQ,Filing,5.0,577317.0,0.0,2025-08-19,0.0,1181.0
Green Minerals AS,,GEM:OSE,Filing,4.0,461854.0,0.0,2025-08-19,0.0,945.0
"LEEF Brands, Inc.",,LEEF:CSE,Filing,3.9,450307.0,0.0,2025-08-19,0.0,921.0
AgriFORCE Growing Systems Ltd.,,AGRI:NASDAQ,Filing,3.3,381029.0,0.0,2025-08-19,0.0,779.0
Safello Group AB,,SFL:STO,Filing,2.0,230927.0,0.0,2025-08-19,0.0,473.0
Banxa Holdings Inc,,BNXAF:OTCMKTS,Filing,1.6,184741.0,0.0,2025-08-19,0.0,378.0
Advanced Blockchain AG,,DE000A0M93V6:XETRA,Filing,1.2,138556.0,0.0,2025-08-19,0.0,284.0
Panther Metals Plc,,PALM:LSE,Filing,1.0,115463.0,0.0,2025-08-19,0.0,236.0
ATIF Holdings Ltd.,,ATIF:NASDAQ,Filing,0.2,23092.0,0.0,2025-08-19,0.0,47.0
Harrys Manufacturing Inc.,,HARY:CSE:,Filing,0.2,23092.0,0.0,2025-08-19,,
TeraWulf Inc.,,WULF:NASDAQ,Filing,0.0,0.0,0.0,2025-08-19,0.0,0.0
,,,**Totals:**,940083.0,108.55,4.477,2025-08-19,,
Strategy (MicroStrategy),,MSTR:NADQ,Filing,629376.0,71.53,2.997,2025-08-20,0.0,-1.1400000000000006
Marathon Digital Holdings Inc,,MARA:NADQ,Filing,50639.0,5.75,0.241,2025-08-20,0.0,-0.0999999999999996
Twenty One Capital (XXI),,XXI:NASDAQ,Filing,37229.7,4.23,0.177,2025-08-20,0.0,-0.0699999999999994
Bullish,,BLSH:NYSE,Filing,24340.0,2.77,0.116,2025-08-20,0.0,-0.04
"Riot Platforms, Inc.",,RIOT:NADQ,Filing,19287.0,2.19,0.092,2025-08-20,0.0,-0.04
Metaplanet Inc.,,3350.T:TYO,Filing,18113.0,2.06,0.086,2025-08-20,0.0,-0.0299999999999998
Galaxy Digital Holdings,,BRPHF:OTCMKTS,Filing,12830.0,1.46,0.061,2025-08-20,0.0,-0.02
CleanSpark Inc,,CLSK:NASDAQ,Filing,12703.0,1.44,0.06,2025-08-20,0.0,-0.03
Bitcoin Group SE Bitcoin Holdings,,BTGGF:TCMKTS,,12387.0,1.41,0.059,2025-08-20,0.0,-0.02
"Coinbase Global, Inc.",,COIN:NADQ,Filing,11776.0,1.34,0.056,2025-08-20,0.0,-0.02
"Tesla, Inc",,TSLA:NADQ,Filing,11509.0,1.31,0.055,2025-08-20,0.0,-0.02
Hut 8 Corp,,HUT:NASDAQ,Filing,10667.0,1.21,0.051,2025-08-20,0.0,-0.02
"Block, Inc.",,SQ:NYSE,Filing,8584.0,975.54,0.041,2025-08-20,0.0,-15.600000000000025
Next Technology Holding Inc.,,NXTT:NASDAQ,Filing,5833.0,662.9,0.028,2025-08-20,0.0,-10.600000000000025
"Nakamoto (KindlyMD, Inc.)",,NAKA:NASDAQ,Filing,5764.9,655.16,0.027,2025-08-20,,
Semler Scientific,,SMLR:NASDAQ,Filing,5021.0,570.62,0.024,2025-08-20,0.0,-9.120000000000005
"ProCap BTC, LLC",,CCCM:NASDAQ,Filing,4932.0,560.5,0.023,2025-08-20,0.0,-8.970000000000027
Cango Inc.,,CANG:NYSE,Filing,4822.3,548.03,0.023,2025-08-20,0.0,-8.769999999999982
GameStop Corp.,,GME:NYSE,Filing,4710.0,535.27,0.022,2025-08-20,0.0,-8.56000000000006
Empery Digital (Formerly: Volcon),,EMPD:NASDAQ,Filing,4051.9,460.48,0.019,2025-08-20,0.0,-7.370000000000003
Boyaa Interactive International Limited,,0434.HK:HKEX,Filing,3353.0,381.05,0.016,2025-08-20,0.0,-6.099999999999966
Sequans Communications S.A.,,SQNS:NYSE,Filing,3171.0,360.37,0.015,2025-08-20,99.0,5.670000000000016
The Smarter Web Company PLC,,SWC.AQ:AQSE,Filing,2395.0,272.18,0.011,2025-08-20,0.0,-4.360000000000014
Voyager Digital LTD,,VOYG:TSX,Filing,2287.0,259.91,0.011,2025-08-20,0.0,-4.159999999999968
HIVE Digital Technologies,,HIVE:NASDAQ,Filing,2201.0,250.13,0.01,2025-08-20,0.0,-4.009999999999991
Capital B (Formerly: The Blockchain Group),,ALCPB:EPA,Filing,2201.0,250.13,0.01,2025-08-20,0.0,-4.009999999999991
Exodus Movement Inc,,EXOD:OTCMKTS,Filing,2038.0,231.61,0.01,2025-08-20,0.0,-3.6999999999999886
"BitFuFu, Inc.",,FUFU:NASDAQ,Filing,1784.0,202.74,0.008,2025-08-20,0.0,-3.25
Bitdeer Technologies Group,,BTDR:NASDAQ,Filing,1764.2,200.49,0.008,2025-08-20,88.29999999999995,6.980000000000018
NEXON Co. Ltd,,NEXOF:OTCMKTS,Filing,1717.0,195.13,0.008,2025-08-20,0.0,-3.1200000000000045
"Core Scientific, Inc.",,CORZ:NASDAQ,Filing,1612.0,183.2,0.008,2025-08-20,0.0,-2.930000000000007
Bitcoin Well Inc.,,BTCW:TSXV,Filing,1573.5,178.82,0.007,2025-08-20,0.0,-2.8600000000000136
Canaan Inc.,,CAN:NASDAQ,Filing,1511.0,171.72,0.007,2025-08-20,0.0,-2.75
"Fold Holdings, Inc.",,FLD:NASDAQ,Filing,1490.0,169.33,0.007,2025-08-20,0.0,-2.7099999999999795
Bitfarms Limited,,BITF:NASDAQ,Filing,1402.0,159.33,0.007,2025-08-20,0.0,-2.549999999999983
"Remixpoint, Inc.",,3825.T:TSE,Filing,1231.6,139.97,0.006,2025-08-20,0.0,-2.2299999999999898
Brooker Group's BROOK (BKK),,BROOK:BKK,Filing,1150.0,130.69,0.005,2025-08-20,0.0,-2.0900000000000034
Satsuma Technology PLC (Formerly: TAO Alpha PLC),,SATS:LSE,Filing,1125.9,127.95,0.005,2025-08-20,0.0,-2.049999999999997
Cipher Mining,,CIFR:NASDAQ,Filing,1063.0,120.81,0.005,2025-08-20,0.0,-1.9299999999999928
ANAP Holdings,,3189:TYO,Filing,1000.0,113.65,0.005,2025-08-20,0.0,-1.809999999999988
Meitu,,HKD:HKG,Filing,941.0,106.94,0.004,2025-08-20,0.0,-1.710000000000008
"KULR Technology Group, Inc.",,KULR:NYSE,Filing,920.0,104.55,0.004,2025-08-20,0.0,-1.6800000000000068
Ming Shing Group Holdings Limited (MSW),,MSW:NASDAQ,Filing,833.0,94.67,0.004,2025-08-20,0.0,-1.5100000000000051
H100 Group,,H100:NGM,Filing,809.1,91.95,0.004,2025-08-20,124.0,12.850000000000009
SOS Limited,,SOS:NYSE,Filing,802.8,91.23,0.004,2025-08-20,0.0,-1.4599999999999935
"Phunware, Inc.",,PHUN:NASDAQ,Filing,630.0,71.6,0.003,2025-08-20,0.0,-1.1400000000000006
NFT Investments PLC,,NFT:AQSE,,626.0,71.14,0.003,2025-08-20,0.0,-1.1400000000000006
Méliuz,,CASH3:B3,Filing,595.7,67.7,0.003,2025-08-20,0.0,-1.0799999999999983
"MercadoLibre, Inc.",,MELI:NADQ,Filing,570.4,64.82,0.003,2025-08-20,0.0,-1.0400000000000065
"Bitmax Co., Ltd",,377030:KRX,Filing,551.2,62.64,0.003,2025-08-20,0.0,-1.0
Alliance Resource Partners,,ARLP:NASDAQ,Filing,542.0,61.6,0.003,2025-08-20,0.0,-0.9799999999999968
Jasmine International PCL,,JAS:SET,Filing,506.4,57.55,0.002,2025-08-20,0.0,-0.9200000000000016
DDC Enterprise Limited (DayDayCook),,DDC:NYSE,Filing,488.0,55.46,0.002,2025-08-20,0.0,-0.8900000000000006
DigitalX,,DGGXF:OTCMKTS,Filing,425.1,48.31,0.002,2025-08-20,0.0,-0.769999999999996
Neptune Digital Assets,,NPPTF:OTCMKTS,Filing,405.0,46.03,0.002,2025-08-20,0.0,-0.7299999999999969
Nano Labs Ltd,,NA:NASDAQ,Filing,400.0,45.46,0.002,2025-08-20,0.0,-0.7299999999999969
Net Holding Anonim Sirketi,,NTHOL TI:IST,Filing,352.7,40.08,0.002,2025-08-20,0.0,-0.6400000000000006
DMG Blockchain Solutions Inc.,,DMGGF:OTCMKTS,Filing,307.0,34.89,0.001,2025-08-20,0.0,-0.5600000000000023
The9 Limited,,NCTY:NASDAQ,Filing,285.0,32.39,0.001,2025-08-20,0.0,-0.519999999999996
Advanced Bitcoin Technologies AG,,ABT:DUS,Filing,254.0,28.87,0.001,2025-08-20,0.0,-0.4599999999999973
Phoenix Digital Assets PLC,,PNIX:AQSE,Filing,247.0,28.07,0.001,2025-08-20,0.0,-0.4499999999999993
LQwD FinTech Corp,,LQWDF:OTC,Filing,238.5,27.1,0.001,2025-08-20,0.0,-0.4399999999999977
CoinShares International Limited,,CNSRF:OTCQX,Filing,236.0,26.82,0.001,2025-08-20,0.0,-0.4299999999999997
"Virtu Financial, Inc.",,VIRT:NASDAQ,Filing,235.0,26.71,0.001,2025-08-20,0.0,-0.4199999999999981
Rumble,,RUM:NASDAQ,Filing,210.8,23.96,0.001,2025-08-20,0.0,-0.379999999999999
DEFI Technologies,,DEFTF:OTC,Filing,208.8,23.73,0.001,2025-08-20,0.0,-0.379999999999999
"Linekong Interactive Group Co., Ltd",,8267:HKSE,Filing,193.1,21.94,0.001,2025-08-20,0.0,-0.3599999999999994
Prenetics,,PRE:NASDAQ,Filing,187.4,21.3,0.001,2025-08-20,0.0,-0.3399999999999998
Bitcoin Treasury Capital AB,,BTC-B:STO,Filing,187.2,21.27,0.001,2025-08-20,,
FRMO Corp.,,FRMO:OTCMKTS,Filing,158.7,18.04,0.001,2025-08-20,0.0,-0.2800000000000011
"BitMine Immersion Technologies, Inc.",,BMNR:NYSE,Filing,154.2,17.52,0.001,2025-08-20,0.0,-0.2800000000000011
"LM Funding America, Inc.",,LMFA:NASDAQ,Filing,150.4,17.09,0.001,2025-08-20,0.0,-0.2800000000000011
"Bit Digital, Inc.",,BTBT:NASDAQ,Filing,137.6,15.64,0.001,2025-08-20,0.0,-0.25
Vaultz Capital PLC,,V3TC:AQSE,Filing,135.0,15.34,0.001,2025-08-20,85.0,9.57
Horizon Kinetics Holding Corporation,,HKHC:OTCID,Filing,131.0,14.89,0.001,2025-08-20,0.0,-0.2400000000000002
Phoenix Group PLC,,PHX:ADX,Filing%20v4.pdf),131.0,14.89,0.001,2025-08-20,0.0,-0.2400000000000002
"Sixty Six Capital, Inc.",,SIX:CSE,Filing,126.8,14.41,0.001,2025-08-20,0.0,-0.2300000000000004
Genius Group,,GNS:NYSE,Filing,120.0,13.64,0.001,2025-08-20,0.0,-0.2199999999999988
BIGG Digital Assets Inc.,,BBKCF:OTCMKTS,Filing,100.0,11.36,0.0,2025-08-20,0.0,-0.1900000000000012
Bitcoin Depot,,BTM:NASDAQ,Filing,100.0,11.36,0.0,2025-08-20,0.0,-0.1900000000000012
Vanadi Coffee SA,,VANA:BME,Filing,95.0,10.8,0.0,2025-08-20,29.0,3.1800000000000006
Vinanz Limited (London BTC Company),,VINZF:OTCQX,Filing,86.0,9.77,0.0,2025-08-20,0.0,-0.1600000000000001
Digi Power X Inc. (Digihost),,HSSHF:OTCMKTS,Filing,80.0,9.09,0.0,2025-08-20,19.0,2.05
Yuxing InfoTech Investment Holdings Limited,,8005:HKSE,Filing,78.2,8.89,0.0,2025-08-20,0.0,-0.1399999999999988
Matador,,MATA:TSXV,Filing,77.4,8.8,0.0,2025-08-20,0.0,-0.1399999999999988
Canada Computational Unlimited Corp.,,SATO:TSXV,Filing,75.0,8.52,0.0,2025-08-20,0.0,-0.1400000000000005
Coinsilium,,COIN:AQUIS,Filing,73.7,8.38,0.0,2025-08-20,0.0,-0.129999999999999
ATAI Life Sciences N.V.,,ATAI:NASDAQ,Filing,58.0,6.59,0.0,2025-08-20,0.0,-0.1100000000000003
Cathedra Bitcoin Inc.,,CBTTF:OTCMKTS,Filing,52.5,5.97,0.0,2025-08-20,0.0,-0.0899999999999998
WonderFi,,WNDR:TSX,Filing,39.8,4.52,0.0,2025-08-20,0.0,-0.08
k33,,K33:STO,Filing,35.0,3.98,0.0,2025-08-20,0.0,-0.06
BIT Mining Limited,,BTCM:NYSE,Filing,35.0,3.98,0.0,2025-08-20,0.0,-0.06
"Value Creation Co., Ltd.",,9238:TSE,Filing,30.4,3.45,0.0,2025-08-20,0.0,-0.0599999999999996
HK Asia Holdings Limited,,1723.HK:HKEX,Filing,28.9,3.28,0.0,2025-08-20,0.0,-0.06
Metromile,,MILE:NASDAQ,Filing,25.0,2.84,0.0,2025-08-20,0.0,-0.0500000000000002
SATO Technologies Corp.,,SATO:TSXV,Filing,24.0,2.73,0.0,2025-08-20,0.0,-0.04
Jetking Infotrain Limited,,JETKINGQ:BSE,Filing,21.0,2.39,0.0,2025-08-20,0.0,-0.0299999999999998
MURANO GLOBAL INVESTMENTS PLC,,MRNO:NASDAQ,Filing,21.0,2.39,0.0,2025-08-20,0.0,-0.0299999999999998
Sphere 3D Corp,,ANY:NASDAQ,Filing,20.5,2.33,0.0,2025-08-20,0.0,-0.04
"Investview, Inc.",,INVU:OTCMKTS,Filing,20.3,2.31,0.0,2025-08-20,0.0,-0.0299999999999998
Hamak Gold Limited,,HAMA:LSE,Filing,20.0,2.27,0.0,2025-08-20,0.0,-0.04
Thumzup Media Corporation,,TZUP:NASDAQ,Filing,19.1,2.17,0.0,2025-08-20,0.0,-0.04
MOGO Inc,,MOGO:Nasdaq,Filing,18.0,2.05,0.0,2025-08-20,0.0,-0.0300000000000002
Athena Bitcoin Global,,ABIT:OTCID,Filing,17.0,1.93,0.0,2025-08-20,0.0,-0.03
Belgravia Hartford Capital Inc.,,BLGV:CSE,Filing,15.7,1.78,0.0,2025-08-20,0.0,-0.03
Intchains Group Limited,,ICG:NASDAQ,Filing,12.7,1.44,0.0,2025-08-20,0.0,-0.03
Argo Blockchain PLC,,ARBKF:OTCMKTS,Filing,11.0,1.25,0.0,2025-08-20,0.0,-0.02
Intesa Sanpaolo S.p.A,,ISP.MI:BIT,Filing,11.0,1.25,0.0,2025-08-20,0.0,-0.02
Locate Technologies Limited,,LOC:ASX,Filing,10.1,1.15,0.0,2025-08-20,0.0,-0.02
OneMedNet Corporation,,ONMD:NASDAQ,Filing,10.0,1.14,0.0,2025-08-20,0.0,-0.01
Norwegian Block Exchange AS (NBX),,NBX:OSE,Filing,10.0,1.14,0.0,2025-08-20,0.0,-0.01
Digital Commodities Capital Corp.,,DIGI:CSE,Filing,8.7,988718.0,0.0,2025-08-20,0.0,988717.0
CryptoStar Corp.,,CSTR:TSXV,Filing,7.6,863707.0,0.0,2025-08-20,0.0,-13815.0
"Where Food Comes From, Inc.",,WFCF:NASDAQ,Filing,7.0,795520.0,0.0,2025-08-20,0.0,-12724.0
AlAbraaj Restaurants Group,,ABRAAJ:BSE,Filing,7.0,795520.0,0.0,2025-08-20,0.0,-12724.0
GreenMerc AB,,L5L:FSE,Filing,6.2,704603.0,0.0,2025-08-20,0.0,-11270.0
Fintech Select Ltd.,,FTEC:TSXV,Filing,5.0,568228.0,0.0,2025-08-20,0.0,-9089.0
Tap Global Group Plc,,TAP:AQSE,Filing,5.0,568228.0,0.0,2025-08-20,0.0,-9089.0
"SBC Medical Group Holdings, Inc.",,SBC:NASDAQ,Filing,5.0,568228.0,0.0,2025-08-20,0.0,-9089.0
Green Minerals AS,,GEM:OSE,Filing,4.0,454583.0,0.0,2025-08-20,0.0,-7271.0
"LEEF Brands, Inc.",,LEEF:CSE,Filing,3.9,443218.0,0.0,2025-08-20,0.0,-7089.0
AgriFORCE Growing Systems Ltd.,,AGRI:NASDAQ,Filing,3.3,375031.0,0.0,2025-08-20,0.0,-5998.0
Safello Group AB,,SFL:STO,Filing,2.0,227291.0,0.0,2025-08-20,0.0,-3636.0
Banxa Holdings Inc,,BNXAF:OTCMKTS,Filing,1.6,181833.0,0.0,2025-08-20,0.0,-2908.0
Advanced Blockchain AG,,DE000A0M93V6:XETRA,Filing,1.2,136374.0,0.0,2025-08-20,0.0,-2182.0
Panther Metals Plc,,PALM:LSE,Filing,1.0,113645.0,0.0,2025-08-20,0.0,-1818.0
ATIF Holdings Ltd.,,ATIF:NASDAQ,Filing,0.2,22729.0,0.0,2025-08-20,0.0,-363.0
Harrys Manufacturing Inc.,,HARY:CSE:,Filing,0.2,22729.0,0.0,2025-08-20,0.0,-363.0
TeraWulf Inc.,,WULF:NASDAQ,Filing,0.0,0.0,0.0,2025-08-20,0.0,0.0
,,,**Totals:**,946479.0,107.56,4.507,2025-08-20,,
Strategy (MicroStrategy),,MSTR:NADQ,Filing,629376.0,71.55,2.997,2025-08-21,0.0,0.019999999999996
Marathon Digital Holdings Inc,,MARA:NADQ,Filing,50639.0,5.76,0.241,2025-08-21,0.0,0.0099999999999997
Twenty One Capital (XXI),,XXI:NASDAQ,Filing,37229.7,4.23,0.177,2025-08-21,0.0,0.0
Bullish,,BLSH:NYSE,Filing,24340.0,2.77,0.116,2025-08-21,0.0,0.0
"Riot Platforms, Inc.",,RIOT:NADQ,Filing,19287.0,2.19,0.092,2025-08-21,0.0,0.0
Metaplanet Inc.,,3350.T:TYO,Filing,18113.0,2.06,0.086,2025-08-21,0.0,0.0
Galaxy Digital Holdings,,BRPHF:OTCMKTS,Filing,12830.0,1.46,0.061,2025-08-21,0.0,0.0
CleanSpark Inc,,CLSK:NASDAQ,Filing,12703.0,1.44,0.06,2025-08-21,0.0,0.0
Bitcoin Group SE Bitcoin Holdings,,BTGGF:TCMKTS,,12387.0,1.41,0.059,2025-08-21,0.0,0.0
"Coinbase Global, Inc.",,COIN:NADQ,Filing,11776.0,1.34,0.056,2025-08-21,0.0,0.0
"Tesla, Inc",,TSLA:NADQ,Filing,11509.0,1.31,0.055,2025-08-21,0.0,0.0
Hut 8 Corp,,HUT:NASDAQ,Filing,10667.0,1.21,0.051,2025-08-21,0.0,0.0
"Block, Inc.",,SQ:NYSE,Filing,8584.0,975.9,0.041,2025-08-21,0.0,0.3600000000000136
Next Technology Holding Inc.,,NXTT:NASDAQ,Filing,5833.0,663.14,0.028,2025-08-21,0.0,0.2400000000000091
"Nakamoto (KindlyMD, Inc.)",,NAKA:NASDAQ,Filing,5764.9,655.4,0.027,2025-08-21,0.0,0.2400000000000091
Semler Scientific,,SMLR:NASDAQ,Filing,5021.0,570.83,0.024,2025-08-21,0.0,0.2100000000000363
"ProCap BTC, LLC",,CCCM:NASDAQ,Filing,4932.0,560.71,0.023,2025-08-21,0.0,0.2100000000000363
Cango Inc.,,CANG:NYSE,Filing,4822.3,548.24,0.023,2025-08-21,0.0,0.2100000000000363
GameStop Corp.,,GME:NYSE,Filing,4710.0,535.47,0.022,2025-08-21,0.0,0.2000000000000454
Empery Digital (Formerly: Volcon),,EMPD:NASDAQ,Filing,4051.9,460.65,0.019,2025-08-21,0.0,0.169999999999959
Boyaa Interactive International Limited,,0434.HK:HKEX,Filing,3353.0,381.2,0.016,2025-08-21,0.0,0.1499999999999772
Sequans Communications S.A.,,SQNS:NYSE,Filing,3171.0,360.51,0.015,2025-08-21,0.0,0.1399999999999863
The Smarter Web Company PLC,,SWC.AQ:AQSE,Filing,2395.0,272.28,0.011,2025-08-21,0.0,0.0999999999999659
Voyager Digital LTD,,VOYG:TSX,Filing,2287.0,260.01,0.011,2025-08-21,0.0,0.0999999999999659
Capital B (Formerly: The Blockchain Group),,ALCPB:EPA,Filing,2201.0,250.23,0.01,2025-08-21,0.0,0.0999999999999943
HIVE Digital Technologies,,HIVE:NASDAQ,Filing,2201.0,250.23,0.01,2025-08-21,0.0,0.0999999999999943
Exodus Movement Inc,,EXOD:OTCMKTS,Filing,2038.0,231.7,0.01,2025-08-21,0.0,0.0899999999999749
"BitFuFu, Inc.",,FUFU:NASDAQ,Filing,1784.0,202.82,0.008,2025-08-21,0.0,0.079999999999984
Bitdeer Technologies Group,,BTDR:NASDAQ,Filing,1764.2,200.57,0.008,2025-08-21,0.0,0.079999999999984
NEXON Co. Ltd,,NEXOF:OTCMKTS,Filing,1717.0,195.2,0.008,2025-08-21,0.0,0.0699999999999931
"Core Scientific, Inc.",,CORZ:NASDAQ,Filing,1612.0,183.27,0.008,2025-08-21,0.0,0.0700000000000216
Bitcoin Well Inc.,,BTCW:TSXV,Filing,1573.5,178.89,0.007,2025-08-21,0.0,0.0699999999999931
Canaan Inc.,,CAN:NASDAQ,Filing,1511.0,171.78,0.007,2025-08-21,0.0,0.0600000000000022
"Fold Holdings, Inc.",,FLD:NASDAQ,Filing,1490.0,169.4,0.007,2025-08-21,0.0,0.0699999999999931
Bitfarms Limited,,BITF:NASDAQ,Filing,1402.0,159.39,0.007,2025-08-21,0.0,0.0599999999999738
"Remixpoint, Inc.",,3825.T:TSE,Filing,1231.6,140.02,0.006,2025-08-21,0.0,0.0500000000000113
Brooker Group's BROOK (BKK),,BROOK:BKK,Filing,1150.0,130.74,0.005,2025-08-21,0.0,0.0500000000000113
Satsuma Technology PLC (Formerly: TAO Alpha PLC),,SATS:LSE,Filing,1125.9,128.0,0.005,2025-08-21,0.0,0.0499999999999971
Cipher Mining,,CIFR:NASDAQ,Filing,1063.0,120.85,0.005,2025-08-21,0.0,0.039999999999992
ANAP Holdings,,3189:TYO,Filing,1000.0,113.69,0.005,2025-08-21,0.0,0.039999999999992
Meitu,,HKD:HKG,Filing,941.0,106.98,0.004,2025-08-21,0.0,0.0400000000000062
"KULR Technology Group, Inc.",,KULR:NYSE,Filing,920.0,104.59,0.004,2025-08-21,0.0,0.0400000000000062
Ming Shing Group Holdings Limited (MSW),,MSW:NASDAQ,Filing,833.0,94.7,0.004,2025-08-21,0.0,0.0300000000000011
H100 Group,,H100:NGM,Filing,809.1,91.99,0.004,2025-08-21,0.0,0.039999999999992
SOS Limited,,SOS:NYSE,Filing,802.8,91.27,0.004,2025-08-21,0.0,0.039999999999992
"Phunware, Inc.",,PHUN:NASDAQ,Filing,630.0,71.62,0.003,2025-08-21,0.0,0.0200000000000102
NFT Investments PLC,,NFT:AQSE,,626.0,71.17,0.003,2025-08-21,0.0,0.0300000000000011
Méliuz,,CASH3:B3,Filing,595.7,67.72,0.003,2025-08-21,0.0,0.019999999999996
"MercadoLibre, Inc.",,MELI:NADQ,Filing,570.4,64.85,0.003,2025-08-21,0.0,0.0300000000000011
"Bitmax Co., Ltd",,377030:KRX,Filing,551.2,62.67,0.003,2025-08-21,0.0,0.0300000000000011
Alliance Resource Partners,,ARLP:NASDAQ,Filing,542.0,61.62,0.003,2025-08-21,0.0,0.019999999999996
Jasmine International PCL,,JAS:SET,Filing,506.4,57.57,0.002,2025-08-21,0.0,0.0200000000000031
DDC Enterprise Limited (DayDayCook),,DDC:NYSE,Filing,488.0,55.48,0.002,2025-08-21,0.0,0.019999999999996
DigitalX,,DGGXF:OTCMKTS,Filing,425.1,48.33,0.002,2025-08-21,0.0,0.019999999999996
Neptune Digital Assets,,NPPTF:OTCMKTS,Filing,405.0,46.04,0.002,2025-08-21,0.0,0.009999999999998
Nano Labs Ltd,,NA:NASDAQ,Filing,400.0,45.48,0.002,2025-08-21,0.0,0.019999999999996
Net Holding Anonim Sirketi,,NTHOL TI:IST,Filing,352.7,40.1,0.002,2025-08-21,0.0,0.0200000000000031
DMG Blockchain Solutions Inc.,,DMGGF:OTCMKTS,Filing,307.0,34.9,0.001,2025-08-21,0.0,0.009999999999998
The9 Limited,,NCTY:NASDAQ,Filing,285.0,32.4,0.001,2025-08-21,0.0,0.009999999999998
Advanced Bitcoin Technologies AG,,ABT:DUS,Filing,254.0,28.88,0.001,2025-08-21,0.0,0.009999999999998
Phoenix Digital Assets PLC,,PNIX:AQSE,Filing,247.0,28.08,0.001,2025-08-21,0.0,0.009999999999998
LQwD FinTech Corp,,LQWDF:OTC,Filing,238.5,27.11,0.001,2025-08-21,0.0,0.009999999999998
CoinShares International Limited,,CNSRF:OTCQX,Filing,236.0,26.83,0.001,2025-08-21,0.0,0.009999999999998
"Virtu Financial, Inc.",,VIRT:NASDAQ,Filing,235.0,26.72,0.001,2025-08-21,0.0,0.009999999999998
Rumble,,RUM:NASDAQ,Filing,210.8,23.97,0.001,2025-08-21,0.0,0.009999999999998
DEFI Technologies,,DEFTF:OTC,Filing,208.8,23.74,0.001,2025-08-21,0.0,0.009999999999998
"Linekong Interactive Group Co., Ltd",,8267:HKSE,Filing,193.1,21.95,0.001,2025-08-21,0.0,0.009999999999998
Prenetics,,PRE:NASDAQ,Filing,187.4,21.31,0.001,2025-08-21,0.0,0.009999999999998
Bitcoin Treasury Capital AB,,BTC-B:STO,Filing,187.2,21.28,0.001,2025-08-21,0.0,0.0100000000000015
FRMO Corp.,,FRMO:OTCMKTS,Filing,158.7,18.04,0.001,2025-08-21,0.0,0.0
"BitMine Immersion Technologies, Inc.",,BMNR:NYSE,Filing,154.2,17.53,0.001,2025-08-21,0.0,0.0100000000000015
"LM Funding America, Inc.",,LMFA:NASDAQ,Filing,150.4,17.1,0.001,2025-08-21,0.0,0.0100000000000015
"Bit Digital, Inc.",,BTBT:NASDAQ,Filing,137.6,15.64,0.001,2025-08-21,0.0,0.0
Vaultz Capital PLC,,V3TC:AQSE,Filing,135.0,15.35,0.001,2025-08-21,0.0,0.0099999999999997
Horizon Kinetics Holding Corporation,,HKHC:OTCID,Filing,131.0,14.89,0.001,2025-08-21,0.0,0.0
Phoenix Group PLC,,PHX:ADX,Filing%20v4.pdf),131.0,14.89,0.001,2025-08-21,0.0,0.0
"Sixty Six Capital, Inc.",,SIX:CSE,Filing,126.8,14.42,0.001,2025-08-21,0.0,0.0099999999999997
Genius Group,,GNS:NYSE,Filing,120.0,13.64,0.001,2025-08-21,0.0,0.0
Bitcoin Depot,,BTM:NASDAQ,Filing,100.0,11.37,0.0,2025-08-21,0.0,0.0099999999999997
BIGG Digital Assets Inc.,,BBKCF:OTCMKTS,Filing,100.0,11.37,0.0,2025-08-21,0.0,0.0099999999999997
Vanadi Coffee SA,,VANA:BME,Filing,95.0,10.8,0.0,2025-08-21,0.0,0.0
Vinanz Limited (London BTC Company),,VINZF:OTCQX,Filing,86.0,9.78,0.0,2025-08-21,0.0,0.0099999999999997
Digi Power X Inc. (Digihost),,HSSHF:OTCMKTS,Filing,80.0,9.1,0.0,2025-08-21,0.0,0.0099999999999997
Yuxing InfoTech Investment Holdings Limited,,8005:HKSE,Filing,78.2,8.89,0.0,2025-08-21,0.0,0.0
Matador,,MATA:TSXV,Filing,77.4,8.8,0.0,2025-08-21,0.0,0.0
Canada Computational Unlimited Corp.,,SATO:TSXV,Filing,75.0,8.53,0.0,2025-08-21,0.0,0.0099999999999997
Coinsilium,,COIN:AQUIS,Filing,73.7,8.38,0.0,2025-08-21,0.0,0.0
ATAI Life Sciences N.V.,,ATAI:NASDAQ,Filing,58.0,6.59,0.0,2025-08-21,0.0,0.0
Cathedra Bitcoin Inc.,,CBTTF:OTCMKTS,Filing,52.5,5.97,0.0,2025-08-21,0.0,0.0
WonderFi,,WNDR:TSX,Filing,39.8,4.52,0.0,2025-08-21,0.0,0.0
k33,,K33:STO,Filing,35.0,3.98,0.0,2025-08-21,0.0,0.0
BIT Mining Limited,,BTCM:NYSE,Filing,35.0,3.98,0.0,2025-08-21,0.0,0.0
"Value Creation Co., Ltd.",,9238:TSE,Filing,30.4,3.46,0.0,2025-08-21,0.0,0.0099999999999997
HK Asia Holdings Limited,,1723.HK:HKEX,Filing,28.9,3.29,0.0,2025-08-21,0.0,0.0100000000000002
"Investview, Inc.",,INVU:OTCMKTS,Filing,26.0,2.96,0.0,2025-08-21,5.699999999999999,0.6499999999999999
Metromile,,MILE:NASDAQ,Filing,25.0,2.84,0.0,2025-08-21,0.0,0.0
SATO Technologies Corp.,,SATO:TSXV,Filing,24.0,2.73,0.0,2025-08-21,0.0,0.0
MURANO GLOBAL INVESTMENTS PLC,,MRNO:NASDAQ,Filing,21.0,2.39,0.0,2025-08-21,0.0,0.0
Jetking Infotrain Limited,,JETKINGQ:BSE,Filing,21.0,2.39,0.0,2025-08-21,0.0,0.0
Sphere 3D Corp,,ANY:NASDAQ,Filing,20.5,2.33,0.0,2025-08-21,0.0,0.0
Hamak Gold Limited,,HAMA:LSE,Filing,20.0,2.27,0.0,2025-08-21,0.0,0.0
Thumzup Media Corporation,,TZUP:NASDAQ,Filing,19.1,2.17,0.0,2025-08-21,0.0,0.0
MOGO Inc,,MOGO:Nasdaq,Filing,18.0,2.05,0.0,2025-08-21,0.0,0.0
Athena Bitcoin Global,,ABIT:OTCID,Filing,17.0,1.93,0.0,2025-08-21,0.0,0.0
Belgravia Hartford Capital Inc.,,BLGV:CSE,Filing,15.7,1.78,0.0,2025-08-21,0.0,0.0
OneMedNet Corporation,,ONMD:NASDAQ,Filing,15.0,1.71,0.0,2025-08-21,5.0,0.5700000000000001
Intchains Group Limited,,ICG:NASDAQ,Filing,12.7,1.44,0.0,2025-08-21,0.0,0.0
Argo Blockchain PLC,,ARBKF:OTCMKTS,Filing,11.0,1.25,0.0,2025-08-21,0.0,0.0
Intesa Sanpaolo S.p.A,,ISP.MI:BIT,Filing,11.0,1.25,0.0,2025-08-21,0.0,0.0
Locate Technologies Limited,,LOC:ASX,Filing,10.1,1.15,0.0,2025-08-21,0.0,0.0
Norwegian Block Exchange AS (NBX),,NBX:OSE,Filing,10.0,1.14,0.0,2025-08-21,0.0,0.0
Fragbite Group AB (PUBL),,ST:FRAG,Filing,9.5,1.08,0.0,2025-08-21,,
Digital Commodities Capital Corp.,,DIGI:CSE,Filing,8.7,989088.0,0.0,2025-08-21,0.0,370.0
CryptoStar Corp.,,CSTR:TSXV,Filing,7.6,864031.0,0.0,2025-08-21,0.0,324.0
AlAbraaj Restaurants Group,,ABRAAJ:BSE,Filing,7.0,795818.0,0.0,2025-08-21,0.0,298.0
"Where Food Comes From, Inc.",,WFCF:NASDAQ,Filing,7.0,795818.0,0.0,2025-08-21,0.0,298.0
AgriFORCE Growing Systems Ltd.,,AGRI:NASDAQ,Filing,6.8,773081.0,0.0,2025-08-21,3.5,398050.0
GreenMerc AB,,L5L:FSE,Filing,6.2,704868.0,0.0,2025-08-21,0.0,265.0
Tap Global Group Plc,,TAP:AQSE,Filing,5.0,568441.0,0.0,2025-08-21,0.0,213.0
Fintech Select Ltd.,,FTEC:TSXV,Filing,5.0,568441.0,0.0,2025-08-21,0.0,213.0
"SBC Medical Group Holdings, Inc.",,SBC:NASDAQ,Filing,5.0,568441.0,0.0,2025-08-21,0.0,213.0
Agile Media Network,,6573:TSX,Filing,4.1,466122.0,0.0,2025-08-21,,
Green Minerals AS,,GEM:OSE,Filing,4.0,454753.0,0.0,2025-08-21,0.0,170.0
"LEEF Brands, Inc.",,LEEF:CSE,Filing,3.9,443384.0,0.0,2025-08-21,0.0,166.0
Boostheat Group SA,,ALBOO:EPA,Filing,3.5,397909.0,0.0,2025-08-21,,
"Kitabo Co.,Ltd",,3409:TYO,Filing,3.3,375171.0,0.0,2025-08-21,,
Safello Group AB,,SFL:STO,Filing,2.0,227376.0,0.0,2025-08-21,0.0,85.0
Banxa Holdings Inc,,BNXAF:OTCMKTS,Filing,1.6,181901.0,0.0,2025-08-21,0.0,68.0
Advanced Blockchain AG,,DE000A0M93V6:XETRA,Filing,1.2,136426.0,0.0,2025-08-21,0.0,52.0
Panther Metals Plc,,PALM:LSE,Filing,1.0,113688.0,0.0,2025-08-21,0.0,43.0
ATIF Holdings Ltd.,,ATIF:NASDAQ,Filing,0.2,22737.0,0.0,2025-08-21,0.0,8.0
Harrys Manufacturing Inc.,,HARY:CSE:,Filing,0.2,22737.0,0.0,2025-08-21,0.0,8.0
TeraWulf Inc.,,WULF:NASDAQ,Filing,0.0,0.0,0.0,2025-08-21,0.0,0.0
,,,**Totals:**,946514.0,107.61,4.507,2025-08-21,,
Strategy (MicroStrategy),,MSTR:NADQ,Filing,629376.0,71.35,2.997,2025-08-22,0.0,-0.20000000000000284
Marathon Digital Holdings Inc,,MARA:NADQ,Filing,50639.0,5.74,0.241,2025-08-22,0.0,-0.019999999999999574
Twenty One Capital (XXI),,XXI:NASDAQ,Filing,37229.7,4.22,0.177,2025-08-22,0.0,-0.010000000000000675
Bullish,,BLSH:NYSE,Filing,24340.0,2.76,0.116,2025-08-22,0.0,-0.010000000000000231
"Riot Platforms, Inc.",,RIOT:NADQ,Filing,19287.0,2.19,0.092,2025-08-22,0.0,0.0
Metaplanet Inc.,,3350.T:TYO,Filing,18113.0,2.05,0.086,2025-08-22,0.0,-0.010000000000000231
Galaxy Digital Holdings,,BRPHF:OTCMKTS,Filing,12830.0,1.45,0.061,2025-08-22,0.0,-0.010000000000000009
CleanSpark Inc,,CLSK:NASDAQ,Filing,12703.0,1.44,0.06,2025-08-22,0.0,0.0
Bitcoin Group SE Bitcoin Holdings,,BTGGF:TCMKTS,,12387.0,1.4,0.059,2025-08-22,0.0,-0.010000000000000009
"Coinbase Global, Inc.",,COIN:NADQ,Filing,11776.0,1.34,0.056,2025-08-22,0.0,0.0
"Tesla, Inc",,TSLA:NADQ,Filing,11509.0,1.3,0.055,2025-08-22,0.0,-0.010000000000000009
Hut 8 Corp,,HUT:NASDAQ,Filing,10667.0,1.21,0.051,2025-08-22,0.0,0.0
"Block, Inc.",,SQ:NYSE,Filing,8584.0,973.19,0.041,2025-08-22,0.0,-2.7099999999999227
Next Technology Holding Inc.,,NXTT:NASDAQ,Filing,5833.0,661.3,0.028,2025-08-22,0.0,-1.8400000000000318
"Nakamoto (KindlyMD, Inc.)",,NAKA:NASDAQ,Filing,5764.9,653.58,0.027,2025-08-22,0.0,-1.8199999999999363
Semler Scientific,,SMLR:NASDAQ,Filing,5021.0,569.24,0.024,2025-08-22,0.0,-1.5900000000000318
"ProCap BTC, LLC",,CCCM:NASDAQ,Filing,4932.0,559.15,0.023,2025-08-22,0.0,-1.5600000000000591
Cango Inc.,,CANG:NYSE,Filing,4822.3,546.72,0.023,2025-08-22,0.0,-1.5199999999999818
GameStop Corp.,,GME:NYSE,Filing,4710.0,533.98,0.022,2025-08-22,0.0,-1.490000000000009
Empery Digital (Formerly: Volcon),,EMPD:NASDAQ,Filing,4051.9,459.37,0.019,2025-08-22,0.0,-1.2799999999999727
Boyaa Interactive International Limited,,0434.HK:HKEX,Filing,3353.0,380.14,0.016,2025-08-22,0.0,-1.0600000000000023
Sequans Communications S.A.,,SQNS:NYSE,Filing,3171.0,359.5,0.015,2025-08-22,0.0,-1.009999999999991
The Smarter Web Company PLC,,SWC.AQ:AQSE,Filing,2395.0,271.53,0.011,2025-08-22,0.0,-0.75
Voyager Digital LTD,,VOYG:TSX,Filing,2287.0,259.28,0.011,2025-08-22,0.0,-0.7300000000000182
Capital B (Formerly: The Blockchain Group),,ALCPB:EPA,Filing,2201.0,249.53,0.01,2025-08-22,0.0,-0.6999999999999886
HIVE Digital Technologies,,HIVE:NASDAQ,Filing,2201.0,249.53,0.01,2025-08-22,0.0,-0.6999999999999886
Exodus Movement Inc,,EXOD:OTCMKTS,Filing,2038.0,231.05,0.01,2025-08-22,0.0,-0.6499999999999773
"BitFuFu, Inc.",,FUFU:NASDAQ,Filing,1784.0,202.26,0.008,2025-08-22,0.0,-0.5600000000000023
Bitdeer Technologies Group,,BTDR:NASDAQ,Filing,1764.2,200.01,0.008,2025-08-22,0.0,-0.5600000000000023
NEXON Co. Ltd,,NEXOF:OTCMKTS,Filing,1717.0,194.66,0.008,2025-08-22,0.0,-0.539999999999992
"Core Scientific, Inc.",,CORZ:NASDAQ,Filing,1612.0,182.76,0.008,2025-08-22,0.0,-0.5100000000000193
Bitcoin Well Inc.,,BTCW:TSXV,Filing,1573.5,178.39,0.007,2025-08-22,0.0,-0.5
Canaan Inc.,,CAN:NASDAQ,Filing,1511.0,171.31,0.007,2025-08-22,0.0,-0.46999999999999886
"Fold Holdings, Inc.",,FLD:NASDAQ,Filing,1490.0,168.92,0.007,2025-08-22,0.0,-0.4800000000000182
Bitfarms Limited,,BITF:NASDAQ,Filing,1402.0,158.95,0.007,2025-08-22,0.0,-0.4399999999999977
"Remixpoint, Inc.",,3825.T:TSE,Filing,1231.6,139.63,0.006,2025-08-22,0.0,-0.3900000000000148
Brooker Group's BROOK (BKK),,BROOK:BKK,Filing,1150.0,130.38,0.005,2025-08-22,0.0,-0.36000000000001364
Satsuma Technology PLC (Formerly: TAO Alpha PLC),,SATS:LSE,Filing,1125.9,127.65,0.005,2025-08-22,0.0,-0.3499999999999943
Cipher Mining,,CIFR:NASDAQ,Filing,1063.0,120.51,0.005,2025-08-22,0.0,-0.3399999999999892
ANAP Holdings,,3189:TYO,Filing,1000.0,113.37,0.005,2025-08-22,0.0,-0.3199999999999932
Meitu,,HKD:HKG,Filing,941.0,106.68,0.004,2025-08-22,0.0,-0.29999999999999716
"KULR Technology Group, Inc.",,KULR:NYSE,Filing,920.0,104.3,0.004,2025-08-22,0.0,-0.29000000000000625
Ming Shing Group Holdings Limited (MSW),,MSW:NASDAQ,Filing,833.0,94.44,0.004,2025-08-22,0.0,-0.2600000000000051
H100 Group,,H100:NGM,Filing,809.1,91.73,0.004,2025-08-22,0.0,-0.2599999999999909
SOS Limited,,SOS:NYSE,Filing,802.8,91.02,0.004,2025-08-22,0.0,-0.25
"Phunware, Inc.",,PHUN:NASDAQ,Filing,630.0,71.42,0.003,2025-08-22,0.0,-0.20000000000000284
NFT Investments PLC,,NFT:AQSE,,626.0,70.97,0.003,2025-08-22,0.0,-0.20000000000000284
Méliuz,,CASH3:B3,Filing,595.7,67.54,0.003,2025-08-22,0.0,-0.1799999999999926
"MercadoLibre, Inc.",,MELI:NADQ,Filing,570.4,64.67,0.003,2025-08-22,0.0,-0.1799999999999926
"Bitmax Co., Ltd",,377030:KRX,Filing,551.2,62.49,0.003,2025-08-22,0.0,-0.17999999999999972
Alliance Resource Partners,,ARLP:NASDAQ,Filing,542.0,61.45,0.003,2025-08-22,0.0,-0.1699999999999946
Jasmine International PCL,,JAS:SET,Filing,506.4,57.41,0.002,2025-08-22,0.0,-0.1600000000000037
DDC Enterprise Limited (DayDayCook),,DDC:NYSE,Filing,488.0,55.33,0.002,2025-08-22,0.0,-0.14999999999999858
DigitalX,,DGGXF:OTCMKTS,Filing,425.1,48.19,0.002,2025-08-22,0.0,-0.14000000000000057
Neptune Digital Assets,,NPPTF:OTCMKTS,Filing,405.0,45.92,0.002,2025-08-22,0.0,-0.11999999999999744
Nano Labs Ltd,,NA:NASDAQ,Filing,400.0,45.35,0.002,2025-08-22,0.0,-0.12999999999999545
Net Holding Anonim Sirketi,,NTHOL TI:IST,Filing,352.7,39.99,0.002,2025-08-22,0.0,-0.10999999999999943
DMG Blockchain Solutions Inc.,,DMGGF:OTCMKTS,Filing,307.0,34.81,0.001,2025-08-22,0.0,-0.0899999999999963
The9 Limited,,NCTY:NASDAQ,Filing,285.0,32.31,0.001,2025-08-22,0.0,-0.0899999999999963
Advanced Bitcoin Technologies AG,,ABT:DUS,Filing,254.0,28.8,0.001,2025-08-22,0.0,-0.0799999999999983
Phoenix Digital Assets PLC,,PNIX:AQSE,Filing,247.0,28.0,0.001,2025-08-22,0.0,-0.0799999999999983
LQwD FinTech Corp,,LQWDF:OTC,Filing,238.5,27.04,0.001,2025-08-22,0.0,-0.07000000000000028
CoinShares International Limited,,CNSRF:OTCQX,Filing,236.0,26.76,0.001,2025-08-22,0.0,-0.06999999999999673
"Virtu Financial, Inc.",,VIRT:NASDAQ,Filing,235.0,26.64,0.001,2025-08-22,0.0,-0.0799999999999983
Rumble,,RUM:NASDAQ,Filing,210.8,23.9,0.001,2025-08-22,0.0,-0.07000000000000028
DEFI Technologies,,DEFTF:OTC,Filing,208.8,23.67,0.001,2025-08-22,0.0,-0.06999999999999673
"Linekong Interactive Group Co., Ltd",,8267:HKSE,Filing,193.1,21.89,0.001,2025-08-22,0.0,-0.05999999999999872
Prenetics,,PRE:NASDAQ,Filing,187.4,21.25,0.001,2025-08-22,0.0,-0.05999999999999872
Bitcoin Treasury Capital AB,,BTC-B:STO,Filing,187.2,21.22,0.001,2025-08-22,0.0,-0.060000000000002274
FRMO Corp.,,FRMO:OTCMKTS,Filing,158.7,17.99,0.001,2025-08-22,0.0,-0.05000000000000071
"BitMine Immersion Technologies, Inc.",,BMNR:NYSE,Filing,154.2,17.48,0.001,2025-08-22,0.0,-0.05000000000000071
"LM Funding America, Inc.",,LMFA:NASDAQ,Filing,150.4,17.05,0.001,2025-08-22,0.0,-0.05000000000000071
"Bit Digital, Inc.",,BTBT:NASDAQ,Filing,137.6,15.6,0.001,2025-08-22,0.0,-0.040000000000000924
Vaultz Capital PLC,,V3TC:AQSE,Filing,135.0,15.31,0.001,2025-08-22,0.0,-0.03999999999999915
Horizon Kinetics Holding Corporation,,HKHC:OTCID,Filing,131.0,14.85,0.001,2025-08-22,0.0,-0.040000000000000924
Phoenix Group PLC,,PHX:ADX,Filing%20v4.pdf),131.0,14.85,0.001,2025-08-22,0.0,-0.040000000000000924
"Sixty Six Capital, Inc.",,SIX:CSE,Filing,126.8,14.38,0.001,2025-08-22,0.0,-0.03999999999999915
Genius Group,,GNS:NYSE,Filing,120.0,13.6,0.001,2025-08-22,0.0,-0.040000000000000924
Bitcoin Depot,,BTM:NASDAQ,Filing,100.0,11.34,0.0,2025-08-22,0.0,-0.02999999999999936
BIGG Digital Assets Inc.,,BBKCF:OTCMKTS,Filing,100.0,11.34,0.0,2025-08-22,0.0,-0.02999999999999936
Vanadi Coffee SA,,VANA:BME,Filing,95.0,10.77,0.0,2025-08-22,0.0,-0.030000000000001137
Vinanz Limited (London BTC Company),,VINZF:OTCQX,Filing,86.0,9.75,0.0,2025-08-22,0.0,-0.02999999999999936
Digi Power X Inc. (Digihost),,HSSHF:OTCMKTS,Filing,80.0,9.07,0.0,2025-08-22,0.0,-0.02999999999999936
Yuxing InfoTech Investment Holdings Limited,,8005:HKSE,Filing,78.2,8.87,0.0,2025-08-22,0.0,-0.02000000000000135
Matador,,MATA:TSXV,Filing,77.4,8.78,0.0,2025-08-22,0.0,-0.02000000000000135
Canada Computational Unlimited Corp.,,SATO:TSXV,Filing,75.0,8.5,0.0,2025-08-22,0.0,-0.02999999999999936
Coinsilium,,COIN:AQUIS,Filing,73.7,8.36,0.0,2025-08-22,0.0,-0.02000000000000135
ATAI Life Sciences N.V.,,ATAI:NASDAQ,Filing,58.0,6.58,0.0,2025-08-22,0.0,-0.009999999999999787
Cathedra Bitcoin Inc.,,CBTTF:OTCMKTS,Filing,52.5,5.95,0.0,2025-08-22,0.0,-0.019999999999999574
WonderFi,,WNDR:TSX,Filing,39.8,4.51,0.0,2025-08-22,0.0,-0.009999999999999787
k33,,K33:STO,Filing,35.0,3.97,0.0,2025-08-22,0.0,-0.009999999999999787
BIT Mining Limited,,BTCM:NYSE,Filing,35.0,3.97,0.0,2025-08-22,0.0,-0.009999999999999787
"Value Creation Co., Ltd.",,9238:TSE,Filing,30.4,3.45,0.0,2025-08-22,0.0,-0.009999999999999787
HK Asia Holdings Limited,,1723.HK:HKEX,Filing,28.9,3.28,0.0,2025-08-22,0.0,-0.010000000000000231
"Investview, Inc.",,INVU:OTCMKTS,Filing,26.0,2.95,0.0,2025-08-22,0.0,-0.009999999999999787
Metromile,,MILE:NASDAQ,Filing,25.0,2.83,0.0,2025-08-22,0.0,-0.009999999999999787
SATO Technologies Corp.,,SATO:TSXV,Filing,24.0,2.72,0.0,2025-08-22,0.0,-0.009999999999999787
MURANO GLOBAL INVESTMENTS PLC,,MRNO:NASDAQ,Filing,21.0,2.38,0.0,2025-08-22,0.0,-0.010000000000000231
Jetking Infotrain Limited,,JETKINGQ:BSE,Filing,21.0,2.38,0.0,2025-08-22,0.0,-0.010000000000000231
Sphere 3D Corp,,ANY:NASDAQ,Filing,20.5,2.32,0.0,2025-08-22,0.0,-0.010000000000000231
Hamak Gold Limited,,HAMA:LSE,Filing,20.0,2.27,0.0,2025-08-22,0.0,0.0
Thumzup Media Corporation,,TZUP:NASDAQ,Filing,19.1,2.17,0.0,2025-08-22,0.0,0.0
MOGO Inc,,MOGO:Nasdaq,Filing,18.0,2.04,0.0,2025-08-22,0.0,-0.009999999999999787
Athena Bitcoin Global,,ABIT:OTCID,Filing,17.0,1.93,0.0,2025-08-22,0.0,0.0
Belgravia Hartford Capital Inc.,,BLGV:CSE,Filing,15.7,1.78,0.0,2025-08-22,0.0,0.0
OneMedNet Corporation,,ONMD:NASDAQ,Filing,15.0,1.7,0.0,2025-08-22,0.0,-0.010000000000000009
Intchains Group Limited,,ICG:NASDAQ,Filing,12.7,1.44,0.0,2025-08-22,0.0,0.0
Argo Blockchain PLC,,ARBKF:OTCMKTS,Filing,11.0,1.25,0.0,2025-08-22,0.0,0.0
Intesa Sanpaolo S.p.A,,ISP.MI:BIT,Filing,11.0,1.25,0.0,2025-08-22,0.0,0.0
Locate Technologies Limited,,LOC:ASX,Filing,10.1,1.15,0.0,2025-08-22,0.0,0.0
Norwegian Block Exchange AS (NBX),,NBX:OSE,Filing,10.0,1.13,0.0,2025-08-22,0.0,-0.010000000000000009
Fragbite Group AB (PUBL),,ST:FRAG,Filing,9.5,1.08,0.0,2025-08-22,0.0,0.0
Digital Commodities Capital Corp.,,DIGI:CSE,Filing,8.7,986340.0,0.0,2025-08-22,0.0,-2748.0
CryptoStar Corp.,,CSTR:TSXV,Filing,7.6,861630.0,0.0,2025-08-22,0.0,-2401.0
AlAbraaj Restaurants Group,,ABRAAJ:BSE,Filing,7.0,793607.0,0.0,2025-08-22,0.0,-2211.0
"Where Food Comes From, Inc.",,WFCF:NASDAQ,Filing,7.0,793607.0,0.0,2025-08-22,0.0,-2211.0
AgriFORCE Growing Systems Ltd.,,AGRI:NASDAQ,Filing,6.8,770932.0,0.0,2025-08-22,0.0,-2149.0
GreenMerc AB,,L5L:FSE,Filing,6.2,702909.0,0.0,2025-08-22,0.0,-1959.0
Tap Global Group Plc,,TAP:AQSE,Filing,5.0,566862.0,0.0,2025-08-22,0.0,-1579.0
Fintech Select Ltd.,,FTEC:TSXV,Filing,5.0,566862.0,0.0,2025-08-22,0.0,-1579.0
"SBC Medical Group Holdings, Inc.",,SBC:NASDAQ,Filing,5.0,566862.0,0.0,2025-08-22,0.0,-1579.0
Agile Media Network,,6573:TSX,Filing,4.1,464827.0,0.0,2025-08-22,0.0,-1295.0
Green Minerals AS,,GEM:OSE,Filing,4.0,453489.0,0.0,2025-08-22,0.0,-1264.0
"LEEF Brands, Inc.",,LEEF:CSE,Filing,3.9,442152.0,0.0,2025-08-22,0.0,-1232.0
Boostheat Group SA,,ALBOO:EPA,Filing,3.5,396803.0,0.0,2025-08-22,0.0,-1106.0
"Kitabo Co.,Ltd",,3409:TYO,Filing,3.3,374129.0,0.0,2025-08-22,0.0,-1042.0
Safello Group AB,,SFL:STO,Filing,2.0,226744.0,0.0,2025-08-22,0.0,-632.0
Banxa Holdings Inc,,BNXAF:OTCMKTS,Filing,1.6,181395.0,0.0,2025-08-22,0.0,-506.0
Advanced Blockchain AG,,DE000A0M93V6:XETRA,Filing,1.2,136046.0,0.0,2025-08-22,0.0,-380.0
Panther Metals Plc,,PALM:LSE,Filing,1.0,113372.0,0.0,2025-08-22,0.0,-316.0
ATIF Holdings Ltd.,,ATIF:NASDAQ,Filing,0.2,22674.0,0.0,2025-08-22,0.0,-63.0
Harrys Manufacturing Inc.,,HARY:CSE:,Filing,0.2,22674.0,0.0,2025-08-22,0.0,-63.0
TeraWulf Inc.,,WULF:NASDAQ,Filing,0.0,0.0,0.0,2025-08-22,0.0,0.0
,,,**Totals:**,946514.0,107.31,4.507,2025-08-22,,
